ano;id_municipio;vab_agropecuaria;vab_industria;vab_servicos;vab_adm_publica;vab_total;pib;pib_per_capita;atividade_1;atividade_2;atividade_3
2015;2929206;12063.119;3971087.429;2736345.969;359653.866;7079150.383;8643549.997;219775.48;INDÚSTRIAS DE TRANSFORMAÇÃO;DEMAIS SERVIÇOS;ADMINISTRAÇÃO, DEFESA, EDUCAÇÃO E SAÚDE PÚBLICAS E SEGURIDADE SOCIAL
2015;3103751;15107.108;1070975.845;188875.673;44085.961;1319044.587;1362974.987;204743.13;ELETRICIDADE E GÁS, ÁGUA, ESGOTO, ATIVIDADES DE GESTÃO DE RESÍDUOS E DESCONTAMINAÇÃO;DEMAIS SERVIÇOS;COMÉRCIO E REPARAÇÃO DE VEÍCULOS AUTOMOTORES E MOTOCICLETAS
2015;3125101;7135.096;1196619.138;2483278.427;156057.107;3843089.767;5086204.631;153745.38;COMÉRCIO E REPARAÇÃO DE VEÍCULOS AUTOMOTORES E MOTOCICLETAS;DEMAIS SERVIÇOS;INDÚSTRIAS DE TRANSFORMAÇÃO
2015;3161908;7643.234;1197270.806;427935.549;120769.768;1753619.358;1793478.251;169387.82;INDÚSTRIAS EXTRATIVAS;DEMAIS SERVIÇOS;ADMINISTRAÇÃO, DEFESA, EDUCAÇÃO E SAÚDE PÚBLICAS E SEGURIDADE SOCIAL
2015;3202801;65807.345;3222603.079;1038253.667;262333.012;4588997.103;4666049.231;136147.56;INDÚSTRIAS EXTRATIVAS;DEMAIS SERVIÇOS;ADMINISTRAÇÃO, DEFESA, EDUCAÇÃO E SAÚDE PÚBLICAS E SEGURIDADE SOCIAL
2015;3204302;38374.41;4419008.759;1195906.862;98265.682;5751555.713;5803122.986;513142.01;INDÚSTRIAS EXTRATIVAS;DEMAIS SERVIÇOS;ADMINISTRAÇÃO, DEFESA, EDUCAÇÃO E SAÚDE PÚBLICAS E SEGURIDADE SOCIAL
2015;3304110;5207.494;890936.509;768632.684;189988.594;1854765.28;2804596.587;153541.91;INDÚSTRIAS DE TRANSFORMAÇÃO;DEMAIS SERVIÇOS;ADMINISTRAÇÃO, DEFESA, EDUCAÇÃO E SAÚDE PÚBLICAS E SEGURIDADE SOCIAL
2015;3305000;47131.268;4206978.497;2330628.211;396878.467;6981616.442;7310408.035;211387.33;INDÚSTRIAS EXTRATIVAS;DEMAIS SERVIÇOS;ADMINISTRAÇÃO, DEFESA, EDUCAÇÃO E SAÚDE PÚBLICAS E SEGURIDADE SOCIAL
2015;3505708;248.966;4352197.454;28707729.252;1764811.53;34824987.203;47761024.678;182102.85;DEMAIS SERVIÇOS;COMÉRCIO E REPARAÇÃO DE VEÍCULOS AUTOMOTORES E MOTOCICLETAS;INDÚSTRIAS DE TRANSFORMAÇÃO
2015;3507753;7353.372;563665.858;62585.505;16265.02;649869.755;673340.674;243258.91;INDÚSTRIAS DE TRANSFORMAÇÃO;DEMAIS SERVIÇOS;ADMINISTRAÇÃO, DEFESA, EDUCAÇÃO E SAÚDE PÚBLICAS E SEGURIDADE SOCIAL
2015;3509205;166.256;1751406.544;6634024.315;350429.399;8736026.514;11288059.886;157204.37;COMÉRCIO E REPARAÇÃO DE VEÍCULOS AUTOMOTORES E MOTOCICLETAS;DEMAIS SERVIÇOS;INDÚSTRIAS DE TRANSFORMAÇÃO
2015;3516853;9919.1;417857.375;180057.126;25852.078;633685.678;753536.525;160737.31;INDÚSTRIAS DE TRANSFORMAÇÃO;DEMAIS SERVIÇOS;ADMINISTRAÇÃO, DEFESA, EDUCAÇÃO E SAÚDE PÚBLICAS E SEGURIDADE SOCIAL
2015;3520400;3542.817;4946270.934;2067770.729;172224.777;7189809.257;7266197.735;225679.34;INDÚSTRIAS EXTRATIVAS;DEMAIS SERVIÇOS;ADMINISTRAÇÃO, DEFESA, EDUCAÇÃO E SAÚDE PÚBLICAS E SEGURIDADE SOCIAL
2015;3520426;2987.596;1253799.373;506517.412;80698.257;1844002.638;1861022.255;180839.79;INDÚSTRIAS EXTRATIVAS;DEMAIS SERVIÇOS;ADMINISTRAÇÃO, DEFESA, EDUCAÇÃO E SAÚDE PÚBLICAS E SEGURIDADE SOCIAL
2015;3524709;12246.455;1974505.423;4362837.189;239060.589;6588649.656;8891753.491;171301.63;DEMAIS SERVIÇOS;INDÚSTRIAS DE TRANSFORMAÇÃO;COMÉRCIO E REPARAÇÃO DE VEÍCULOS AUTOMOTORES E MOTOCICLETAS
2015;3527306;29294.77;2397811.127;6627543.293;268945.485;9323594.675;11938394.55;272180.81;COMÉRCIO E REPARAÇÃO DE VEÍCULOS AUTOMOTORES E MOTOCICLETAS;DEMAIS SERVIÇOS;INDÚSTRIAS DE TRANSFORMAÇÃO
2015;3528858;22642.101;273551.061;43422.513;15543.747;355159.421;368911.893;127872.41;INDÚSTRIAS DE TRANSFORMAÇÃO;DEMAIS SERVIÇOS;AGRICULTURA, INCLUSIVE APOIO À AGRICULTURA E A PÓS COLHEITA
2015;3529609;17283.424;506809.045;76921.378;19806.192;620820.038;646643.072;165297.31;INDÚSTRIAS DE TRANSFORMAÇÃO;DEMAIS SERVIÇOS;ADMINISTRAÇÃO, DEFESA, EDUCAÇÃO E SAÚDE PÚBLICAS E SEGURIDADE SOCIAL
2015;3536505;21973.733;9011002.78;10760811.144;859383.776;20653171.433;25492565.129;260921.63;INDÚSTRIAS DE TRANSFORMAÇÃO;DEMAIS SERVIÇOS;COMÉRCIO E REPARAÇÃO DE VEÍCULOS AUTOMOTORES E MOTOCICLETAS
2015;3541802;69315.539;86902.686;172039.847;17678.352;345936.424;394782.643;124694.45;COMÉRCIO E REPARAÇÃO DE VEÍCULOS AUTOMOTORES E MOTOCICLETAS;DEMAIS SERVIÇOS;INDÚSTRIAS DE TRANSFORMAÇÃO
2015;3551306;27878.444;598558.772;74043.911;19542.58;720023.708;747915.19;224329.69;INDÚSTRIAS DE TRANSFORMAÇÃO;DEMAIS SERVIÇOS;AGRICULTURA, INCLUSIVE APOIO À AGRICULTURA E A PÓS COLHEITA
2015;4213104;18794.492;589213.254;74147.093;27890.351;710045.19;718590.867;166494.64;ELETRICIDADE E GÁS, ÁGUA, ESGOTO, ATIVIDADES DE GESTÃO DE RESÍDUOS E DESCONTAMINAÇÃO;DEMAIS SERVIÇOS;ADMINISTRAÇÃO, DEFESA, EDUCAÇÃO E SAÚDE PÚBLICAS E SEGURIDADE SOCIAL
2015;4300901;55556.765;772565.392;53401.62;38178.955;919702.732;928129.08;139757.43;ELETRICIDADE E GÁS, ÁGUA, ESGOTO, ATIVIDADES DE GESTÃO DE RESÍDUOS E DESCONTAMINAÇÃO;PECUÁRIA, INCLUSIVE APOIO À PECUÁRIA;DEMAIS SERVIÇOS
2015;4312617;317059.317;19863.552;69255.341;19409.902;425588.112;435627.416;138867.52;AGRICULTURA, INCLUSIVE APOIO À AGRICULTURA E A PÓS COLHEITA;DEMAIS SERVIÇOS;ADMINISTRAÇÃO, DEFESA, EDUCAÇÃO E SAÚDE PÚBLICAS E SEGURIDADE SOCIAL
2015;4314464;43789.066;277131.525;13945.814;18442.157;353308.561;384174.92;180703.16;ELETRICIDADE E GÁS, ÁGUA, ESGOTO, ATIVIDADES DE GESTÃO DE RESÍDUOS E DESCONTAMINAÇÃO;AGRICULTURA, INCLUSIVE APOIO À AGRICULTURA E A PÓS COLHEITA;ADMINISTRAÇÃO, DEFESA, EDUCAÇÃO E SAÚDE PÚBLICAS E SEGURIDADE SOCIAL
2015;4322004;67808.429;4734663.739;1433749.646;200192.274;6436414.087;7479634.275;268404.72;INDÚSTRIAS DE TRANSFORMAÇÃO;DEMAIS SERVIÇOS;ADMINISTRAÇÃO, DEFESA, EDUCAÇÃO E SAÚDE PÚBLICAS E SEGURIDADE SOCIAL
2015;5007802;132867.105;1376538.07;29372.694;40810.712;1579588.581;1590243.568;246358.41;ELETRICIDADE E GÁS, ÁGUA, ESGOTO, ATIVIDADES DE GESTÃO DE RESÍDUOS E DESCONTAMINAÇÃO;PRODUÇÃO FLORESTAL, PESCA E AQUICULTURA;ADMINISTRAÇÃO, DEFESA, EDUCAÇÃO E SAÚDE PÚBLICAS E SEGURIDADE SOCIAL
2015;5102686;433749.468;122344.304;305566.697;47546.627;909207.097;973368.699;158142.76;AGRICULTURA, INCLUSIVE APOIO À AGRICULTURA E A PÓS COLHEITA;COMÉRCIO E REPARAÇÃO DE VEÍCULOS AUTOMOTORES E MOTOCICLETAS;DEMAIS SERVIÇOS
2015;5107768;230431.845;17321.026;86060.356;22344.087;356157.314;379497.867;124999.3;AGRICULTURA, INCLUSIVE APOIO À AGRICULTURA E A PÓS COLHEITA;DEMAIS SERVIÇOS;COMÉRCIO E REPARAÇÃO DE VEÍCULOS AUTOMOTORES E MOTOCICLETAS
2015;5220405;20575.729;2723437.136;203789.699;91303.294;3039105.859;3106633.457;162565.85;ELETRICIDADE E GÁS, ÁGUA, ESGOTO, ATIVIDADES DE GESTÃO DE RESÍDUOS E DESCONTAMINAÇÃO;DEMAIS SERVIÇOS;INDÚSTRIAS DE TRANSFORMAÇÃO
2016;2404507;38100.854;1287123.674;300990.919;165555.285;1791770.732;1875112.369;125216.18;INDÚSTRIAS DE TRANSFORMAÇÃO;DEMAIS SERVIÇOS;ADMINISTRAÇÃO, DEFESA, EDUCAÇÃO E SAÚDE PÚBLICAS E SEGURIDADE SOCIAL
2016;2929206;14260.548;7151541.771;2569940.262;370464.658;10106207.24;11802563.693;296621.35;INDÚSTRIAS DE TRANSFORMAÇÃO;DEMAIS SERVIÇOS;ADMINISTRAÇÃO, DEFESA, EDUCAÇÃO E SAÚDE PÚBLICAS E SEGURIDADE SOCIAL
2016;3103751;31081.461;757885.227;182969.933;46346.148;1018282.769;1082581.699;161170.42;ELETRICIDADE E GÁS, ÁGUA, ESGOTO, ATIVIDADES DE GESTÃO DE RESÍDUOS E DESCONTAMINAÇÃO;DEMAIS SERVIÇOS;COMÉRCIO E REPARAÇÃO DE VEÍCULOS AUTOMOTORES E MOTOCICLETAS
2016;3117876;419.605;65121.868;819242.348;39406.093;924189.914;1007130.99;153877.92;DEMAIS SERVIÇOS;CONSTRUÇÃO;ADMINISTRAÇÃO, DEFESA, EDUCAÇÃO E SAÚDE PÚBLICAS E SEGURIDADE SOCIAL
2016;3125101;7914.545;1436236.97;2956293.606;171779.379;4572224.5;6176441.864;183119.63;COMÉRCIO E REPARAÇÃO DE VEÍCULOS AUTOMOTORES E MOTOCICLETAS;DEMAIS SERVIÇOS;INDÚSTRIAS DE TRANSFORMAÇÃO
2016;3161908;8077.588;1436768.478;479125.433;118275.694;2042247.193;2074667.035;194202.66;INDÚSTRIAS EXTRATIVAS;DEMAIS SERVIÇOS;ADMINISTRAÇÃO, DEFESA, EDUCAÇÃO E SAÚDE PÚBLICAS E SEGURIDADE SOCIAL
2016;3168101;61901.023;334724.303;105178.033;30531.28;532334.64;579364.621;126003.61;INDÚSTRIAS EXTRATIVAS;DEMAIS SERVIÇOS;AGRICULTURA, INCLUSIVE APOIO À AGRICULTURA E A PÓS COLHEITA
2016;3204302;52711.462;1164858.438;547299.292;129765.173;1894634.365;1927270.652;169118.17;INDÚSTRIAS EXTRATIVAS;DEMAIS SERVIÇOS;ADMINISTRAÇÃO, DEFESA, EDUCAÇÃO E SAÚDE PÚBLICAS E SEGURIDADE SOCIAL
2016;3304110;5296.62;674026.691;922435.939;198715.616;1800474.865;2555768.184;137762.41;DEMAIS SERVIÇOS;INDÚSTRIAS DE TRANSFORMAÇÃO;ADMINISTRAÇÃO, DEFESA, EDUCAÇÃO E SAÚDE PÚBLICAS E SEGURIDADE SOCIAL
2016;3505708;315.721;4018307.724;28265833.089;1746475.011;34030931.545;47063172.57;177640.45;DEMAIS SERVIÇOS;COMÉRCIO E REPARAÇÃO DE VEÍCULOS AUTOMOTORES E MOTOCICLETAS;INDÚSTRIAS DE TRANSFORMAÇÃO
2016;3509205;2357.293;2061261.839;8016728.082;348235.684;10428582.898;13385278.185;183674.49;COMÉRCIO E REPARAÇÃO DE VEÍCULOS AUTOMOTORES E MOTOCICLETAS;DEMAIS SERVIÇOS;INDÚSTRIAS DE TRANSFORMAÇÃO
2016;3516853;30305.882;630376.224;171913.835;26230.872;858826.813;979559.583;207797.96;INDÚSTRIAS DE TRANSFORMAÇÃO;DEMAIS SERVIÇOS;AGRICULTURA, INCLUSIVE APOIO À AGRICULTURA E A PÓS COLHEITA
2016;3524709;16779.445;2600766.769;4411499.042;258849.673;7287894.929;9676635.873;182340.65;DEMAIS SERVIÇOS;INDÚSTRIAS DE TRANSFORMAÇÃO;COMÉRCIO E REPARAÇÃO DE VEÍCULOS AUTOMOTORES E MOTOCICLETAS
2016;3527306;29487.116;3117718.692;6459143.783;280273.543;9886623.134;12432122.072;276860.01;COMÉRCIO E REPARAÇÃO DE VEÍCULOS AUTOMOTORES E MOTOCICLETAS;INDÚSTRIAS DE TRANSFORMAÇÃO;DEMAIS SERVIÇOS
2016;3536505;25844.033;18871639.906;11731264.651;928611.738;31557360.327;36499592.834;364529.33;INDÚSTRIAS DE TRANSFORMAÇÃO;DEMAIS SERVIÇOS;COMÉRCIO E REPARAÇÃO DE VEÍCULOS AUTOMOTORES E MOTOCICLETAS
2016;3544251;39129.829;1921985.647;165724.728;96125.488;2222965.692;2235751.882;123358.63;ELETRICIDADE E GÁS, ÁGUA, ESGOTO, ATIVIDADES DE GESTÃO DE RESÍDUOS E DESCONTAMINAÇÃO;DEMAIS SERVIÇOS;ADMINISTRAÇÃO, DEFESA, EDUCAÇÃO E SAÚDE PÚBLICAS E SEGURIDADE SOCIAL
2016;4101804;145309.664;8951623.486;4828978.277;794413.109;14720324.537;16979842.877;125350.42;INDÚSTRIAS DE TRANSFORMAÇÃO;DEMAIS SERVIÇOS;COMÉRCIO E REPARAÇÃO DE VEÍCULOS AUTOMOTORES E MOTOCICLETAS
2016;4126272;29469.786;694253.619;32209.697;37240.852;793173.954;802652.369;148364.58;ELETRICIDADE E GÁS, ÁGUA, ESGOTO, ATIVIDADES DE GESTÃO DE RESÍDUOS E DESCONTAMINAÇÃO;ADMINISTRAÇÃO, DEFESA, EDUCAÇÃO E SAÚDE PÚBLICAS E SEGURIDADE SOCIAL;DEMAIS SERVIÇOS
2016;4213104;25201.162;619498.354;76615.746;29505.97;750821.232;761258.739;180864.51;ELETRICIDADE E GÁS, ÁGUA, ESGOTO, ATIVIDADES DE GESTÃO DE RESÍDUOS E DESCONTAMINAÇÃO;DEMAIS SERVIÇOS;ADMINISTRAÇÃO, DEFESA, EDUCAÇÃO E SAÚDE PÚBLICAS E SEGURIDADE SOCIAL
2016;4300901;60085.446;786426.212;56886.312;41568.362;944966.331;955863.991;144368.52;ELETRICIDADE E GÁS, ÁGUA, ESGOTO, ATIVIDADES DE GESTÃO DE RESÍDUOS E DESCONTAMINAÇÃO;PECUÁRIA, INCLUSIVE APOIO À PECUÁRIA;DEMAIS SERVIÇOS
2016;4312617;380968.022;22517.771;75866.136;21048.812;500400.741;513256.063;163093.76;AGRICULTURA, INCLUSIVE APOIO À AGRICULTURA E A PÓS COLHEITA;DEMAIS SERVIÇOS;ADMINISTRAÇÃO, DEFESA, EDUCAÇÃO E SAÚDE PÚBLICAS E SEGURIDADE SOCIAL
2016;4314464;56029.693;267762.193;16981.783;19815.414;360589.083;386080.212;182543.84;ELETRICIDADE E GÁS, ÁGUA, ESGOTO, ATIVIDADES DE GESTÃO DE RESÍDUOS E DESCONTAMINAÇÃO;AGRICULTURA, INCLUSIVE APOIO À AGRICULTURA E A PÓS COLHEITA;ADMINISTRAÇÃO, DEFESA, EDUCAÇÃO E SAÚDE PÚBLICAS E SEGURIDADE SOCIAL
2016;4322004;78669.224;4546686.346;1588765.46;234642.722;6448763.753;7653373.182;272517.2;INDÚSTRIAS DE TRANSFORMAÇÃO;DEMAIS SERVIÇOS;ADMINISTRAÇÃO, DEFESA, EDUCAÇÃO E SAÚDE PÚBLICAS E SEGURIDADE SOCIAL
2016;5007802;230480.429;1649144.518;37285.409;47215.462;1964125.817;1980488.482;306150.64;ELETRICIDADE E GÁS, ÁGUA, ESGOTO, ATIVIDADES DE GESTÃO DE RESÍDUOS E DESCONTAMINAÇÃO;PRODUÇÃO FLORESTAL, PESCA E AQUICULTURA;ADMINISTRAÇÃO, DEFESA, EDUCAÇÃO E SAÚDE PÚBLICAS E SEGURIDADE SOCIAL
2016;5102686;535413.148;214215.795;391513.81;57720.157;1198862.911;1281902.19;202320.42;AGRICULTURA, INCLUSIVE APOIO À AGRICULTURA E A PÓS COLHEITA;COMÉRCIO E REPARAÇÃO DE VEÍCULOS AUTOMOTORES E MOTOCICLETAS;DEMAIS SERVIÇOS
2016;5107768;310718.838;19791.665;137411.498;26484.578;494406.579;526536.653;167954.28;AGRICULTURA, INCLUSIVE APOIO À AGRICULTURA E A PÓS COLHEITA;COMÉRCIO E REPARAÇÃO DE VEÍCULOS AUTOMOTORES E MOTOCICLETAS;DEMAIS SERVIÇOS
2016;5205471;375761.083;321600.901;281311.0;55772.127;1034445.111;1096175.245;123819.64;AGRICULTURA, INCLUSIVE APOIO À AGRICULTURA E A PÓS COLHEITA;INDÚSTRIAS DE TRANSFORMAÇÃO;DEMAIS SERVIÇOS
2016;5206909;17227.804;271818.424;9808.201;15181.869;314036.298;315940.907;148329.06;ELETRICIDADE E GÁS, ÁGUA, ESGOTO, ATIVIDADES DE GESTÃO DE RESÍDUOS E DESCONTAMINAÇÃO;ADMINISTRAÇÃO, DEFESA, EDUCAÇÃO E SAÚDE PÚBLICAS E SEGURIDADE SOCIAL;PECUÁRIA, INCLUSIVE APOIO À PECUÁRIA
2016;5216452;180464.348;146566.31;65293.904;22091.298;414415.859;433015.894;138742.68;AGRICULTURA, INCLUSIVE APOIO À AGRICULTURA E A PÓS COLHEITA;INDÚSTRIAS DE TRANSFORMAÇÃO;DEMAIS SERVIÇOS
2016;5220405;23802.937;2013487.768;200621.187;95553.847;2333465.738;2389407.609;123120.92;ELETRICIDADE E GÁS, ÁGUA, ESGOTO, ATIVIDADES DE GESTÃO DE RESÍDUOS E DESCONTAMINAÇÃO;DEMAIS SERVIÇOS;INDÚSTRIAS DE TRANSFORMAÇÃO
2017;1508357;63694.068;2733548.872;116671.596;86742.046;3000656.582;3088936.605;209860.49;ELETRICIDADE E GÁS, ÁGUA, ESGOTO, ATIVIDADES DE GESTÃO DE RESÍDUOS E DESCONTAMINAÇÃO;ADMINISTRAÇÃO, DEFESA, EDUCAÇÃO E SAÚDE PÚBLICAS E SEGURIDADE SOCIAL;DEMAIS SERVIÇOS
2017;2929206;12444.484;5390604.571;2508750.901;406285.492;8318085.448;10121956.524;251664.76;INDÚSTRIAS DE TRANSFORMAÇÃO;DEMAIS SERVIÇOS;ADMINISTRAÇÃO, DEFESA, EDUCAÇÃO E SAÚDE PÚBLICAS E SEGURIDADE SOCIAL
2017;3103751;44713.73;832990.064;181558.936;56995.055;1116257.785;1189696.512;175626.88;ELETRICIDADE E GÁS, ÁGUA, ESGOTO, ATIVIDADES DE GESTÃO DE RESÍDUOS E DESCONTAMINAÇÃO;DEMAIS SERVIÇOS;INDÚSTRIAS DE TRANSFORMAÇÃO
2017;3117876;205.025;61800.961;870277.533;45860.665;978144.184;1059635.561;160356.47;DEMAIS SERVIÇOS;CONSTRUÇÃO;ADMINISTRAÇÃO, DEFESA, EDUCAÇÃO E SAÚDE PÚBLICAS E SEGURIDADE SOCIAL
2017;3125101;5147.595;1789443.11;3495902.475;194273.601;5484766.781;7527681.118;219184.75;COMÉRCIO E REPARAÇÃO DE VEÍCULOS AUTOMOTORES E MOTOCICLETAS;INDÚSTRIAS DE TRANSFORMAÇÃO;DEMAIS SERVIÇOS
2017;3135407;12621.911;410493.12;177573.565;46977.077;647665.674;770514.691;147919.89;INDÚSTRIAS DE TRANSFORMAÇÃO;DEMAIS SERVIÇOS;ADMINISTRAÇÃO, DEFESA, EDUCAÇÃO E SAÚDE PÚBLICAS E SEGURIDADE SOCIAL
2017;3161908;6325.663;2277577.789;677226.422;116198.262;3077328.136;3125581.427;290131.02;INDÚSTRIAS EXTRATIVAS;DEMAIS SERVIÇOS;ADMINISTRAÇÃO, DEFESA, EDUCAÇÃO E SAÚDE PÚBLICAS E SEGURIDADE SOCIAL
2017;3168101;52691.546;410682.153;124197.765;38492.287;626063.752;681372.03;146531.62;INDÚSTRIAS EXTRATIVAS;DEMAIS SERVIÇOS;ADMINISTRAÇÃO, DEFESA, EDUCAÇÃO E SAÚDE PÚBLICAS E SEGURIDADE SOCIAL
2017;3204302;56605.597;2200428.058;996360.27;135370.111;3388764.037;3437934.382;292789.51;INDÚSTRIAS EXTRATIVAS;DEMAIS SERVIÇOS;ADMINISTRAÇÃO, DEFESA, EDUCAÇÃO E SAÚDE PÚBLICAS E SEGURIDADE SOCIAL
2017;3302254;4712.21;1050631.215;1852214.332;285873.421;3193431.179;4363453.489;142118.15;DEMAIS SERVIÇOS;INDÚSTRIAS DE TRANSFORMAÇÃO;COMÉRCIO E REPARAÇÃO DE VEÍCULOS AUTOMOTORES E MOTOCICLETAS
2017;3304110;5900.53;869089.765;963985.999;185206.105;2024182.399;2858922.456;151836.13;DEMAIS SERVIÇOS;INDÚSTRIAS DE TRANSFORMAÇÃO;ADMINISTRAÇÃO, DEFESA, EDUCAÇÃO E SAÚDE PÚBLICAS E SEGURIDADE SOCIAL
2017;3305000;41392.828;1778618.241;2199312.349;366529.586;4385853.004;4693339.588;133432.07;DEMAIS SERVIÇOS;INDÚSTRIAS EXTRATIVAS;ADMINISTRAÇÃO, DEFESA, EDUCAÇÃO E SAÚDE PÚBLICAS E SEGURIDADE SOCIAL
2017;3502754;1185.79;766313.36;1481900.705;107357.668;2356757.523;2842563.522;135115.67;DEMAIS SERVIÇOS;COMÉRCIO E REPARAÇÃO DE VEÍCULOS AUTOMOTORES E MOTOCICLETAS;INDÚSTRIAS DE TRANSFORMAÇÃO
2017;3505708;336.175;4229273.486;28122211.327;1728842.177;34080663.166;47741848.934;178451.52;DEMAIS SERVIÇOS;COMÉRCIO E REPARAÇÃO DE VEÍCULOS AUTOMOTORES E MOTOCICLETAS;INDÚSTRIAS DE TRANSFORMAÇÃO
2017;3509205;195.214;2054126.271;8885839.162;390543.459;11330704.106;14807216.068;200311.36;COMÉRCIO E REPARAÇÃO DE VEÍCULOS AUTOMOTORES E MOTOCICLETAS;DEMAIS SERVIÇOS;INDÚSTRIAS DE TRANSFORMAÇÃO
2017;3516853;71071.002;524841.446;136559.218;28381.908;760853.574;849201.722;179194.29;INDÚSTRIAS DE TRANSFORMAÇÃO;DEMAIS SERVIÇOS;AGRICULTURA, INCLUSIVE APOIO À AGRICULTURA E A PÓS COLHEITA
2017;3520400;3150.281;3981015.027;1887013.09;219987.958;6091166.356;6166978.518;184894.72;INDÚSTRIAS EXTRATIVAS;DEMAIS SERVIÇOS;ADMINISTRAÇÃO, DEFESA, EDUCAÇÃO E SAÚDE PÚBLICAS E SEGURIDADE SOCIAL
2017;3524709;13775.624;2801572.187;5398261.161;273436.609;8487045.58;11282723.478;208152.97;DEMAIS SERVIÇOS;INDÚSTRIAS DE TRANSFORMAÇÃO;COMÉRCIO E REPARAÇÃO DE VEÍCULOS AUTOMOTORES E MOTOCICLETAS
2017;3527306;25611.449;3633211.15;6771878.66;291733.903;10722435.161;13229629.551;288089.14;COMÉRCIO E REPARAÇÃO DE VEÍCULOS AUTOMOTORES E MOTOCICLETAS;INDÚSTRIAS DE TRANSFORMAÇÃO;DEMAIS SERVIÇOS
2017;3536505;26024.704;17922154.612;11419699.147;976756.398;30344634.861;35540435.974;346739.34;INDÚSTRIAS DE TRANSFORMAÇÃO;DEMAIS SERVIÇOS;COMÉRCIO E REPARAÇÃO DE VEÍCULOS AUTOMOTORES E MOTOCICLETAS
2017;3541802;115928.87;162909.28;78899.036;19664.042;377401.227;406740.14;124499.58;INDÚSTRIAS DE TRANSFORMAÇÃO;PECUÁRIA, INCLUSIVE APOIO À PECUÁRIA;DEMAIS SERVIÇOS
2017;4101804;138895.821;8044857.762;5108380.214;838136.385;14130270.183;16976880.082;123511.34;INDÚSTRIAS DE TRANSFORMAÇÃO;DEMAIS SERVIÇOS;COMÉRCIO E REPARAÇÃO DE VEÍCULOS AUTOMOTORES E MOTOCICLETAS
2017;4126272;32760.57;783865.702;33225.723;40520.275;890372.27;899627.804;165129.92;ELETRICIDADE E GÁS, ÁGUA, ESGOTO, ATIVIDADES DE GESTÃO DE RESÍDUOS E DESCONTAMINAÇÃO;ADMINISTRAÇÃO, DEFESA, EDUCAÇÃO E SAÚDE PÚBLICAS E SEGURIDADE SOCIAL;DEMAIS SERVIÇOS
2017;4213104;22546.902;497788.22;90454.199;32142.586;642931.908;653928.035;159416.88;ELETRICIDADE E GÁS, ÁGUA, ESGOTO, ATIVIDADES DE GESTÃO DE RESÍDUOS E DESCONTAMINAÇÃO;DEMAIS SERVIÇOS;ADMINISTRAÇÃO, DEFESA, EDUCAÇÃO E SAÚDE PÚBLICAS E SEGURIDADE SOCIAL
2017;4300901;63381.289;704413.406;58008.659;44035.143;869838.497;879723.306;133271.22;ELETRICIDADE E GÁS, ÁGUA, ESGOTO, ATIVIDADES DE GESTÃO DE RESÍDUOS E DESCONTAMINAÇÃO;PECUÁRIA, INCLUSIVE APOIO À PECUÁRIA;DEMAIS SERVIÇOS
2017;4314464;42532.051;227291.709;15404.288;21025.423;306253.471;331288.066;157456.31;ELETRICIDADE E GÁS, ÁGUA, ESGOTO, ATIVIDADES DE GESTÃO DE RESÍDUOS E DESCONTAMINAÇÃO;AGRICULTURA, INCLUSIVE APOIO À AGRICULTURA E A PÓS COLHEITA;ADMINISTRAÇÃO, DEFESA, EDUCAÇÃO E SAÚDE PÚBLICAS E SEGURIDADE SOCIAL
2017;4322004;84125.641;4767454.15;1846196.401;248408.638;6946184.83;8762413.776;309746.32;INDÚSTRIAS DE TRANSFORMAÇÃO;DEMAIS SERVIÇOS;ADMINISTRAÇÃO, DEFESA, EDUCAÇÃO E SAÚDE PÚBLICAS E SEGURIDADE SOCIAL
2017;5007802;104481.471;1555191.956;33345.228;52150.26;1745168.916;1757882.41;271194.45;ELETRICIDADE E GÁS, ÁGUA, ESGOTO, ATIVIDADES DE GESTÃO DE RESÍDUOS E DESCONTAMINAÇÃO;PRODUÇÃO FLORESTAL, PESCA E AQUICULTURA;ADMINISTRAÇÃO, DEFESA, EDUCAÇÃO E SAÚDE PÚBLICAS E SEGURIDADE SOCIAL
2017;5102686;524145.485;193905.518;366231.971;61296.908;1145579.882;1239253.915;190303.12;AGRICULTURA, INCLUSIVE APOIO À AGRICULTURA E A PÓS COLHEITA;COMÉRCIO E REPARAÇÃO DE VEÍCULOS AUTOMOTORES E MOTOCICLETAS;DEMAIS SERVIÇOS
2017;5107768;236469.507;15930.044;243101.423;25618.324;521119.298;572772.181;177273.96;AGRICULTURA, INCLUSIVE APOIO À AGRICULTURA E A PÓS COLHEITA;COMÉRCIO E REPARAÇÃO DE VEÍCULOS AUTOMOTORES E MOTOCICLETAS;DEMAIS SERVIÇOS
2017;5206909;15535.386;336019.946;12244.018;17408.138;381207.489;383336.119;179716.89;ELETRICIDADE E GÁS, ÁGUA, ESGOTO, ATIVIDADES DE GESTÃO DE RESÍDUOS E DESCONTAMINAÇÃO;ADMINISTRAÇÃO, DEFESA, EDUCAÇÃO E SAÚDE PÚBLICAS E SEGURIDADE SOCIAL;PECUÁRIA, INCLUSIVE APOIO À PECUÁRIA
2018;1502152;65096.868;5404419.773;1175045.776;270063.909;6914626.326;7106492.138;197128.77;INDÚSTRIAS EXTRATIVAS;DEMAIS SERVIÇOS;ADMINISTRAÇÃO, DEFESA, EDUCAÇÃO E SAÚDE PÚBLICAS E SEGURIDADE SOCIAL
2018;1508357;58590.684;4048498.973;120188.122;87481.223;4314759.003;4375684.691;291965.35;ELETRICIDADE E GÁS, ÁGUA, ESGOTO, ATIVIDADES DE GESTÃO DE RESÍDUOS E DESCONTAMINAÇÃO;CONSTRUÇÃO;ADMINISTRAÇÃO, DEFESA, EDUCAÇÃO E SAÚDE PÚBLICAS E SEGURIDADE SOCIAL
2018;2110302;17529.415;1643170.968;72592.247;88585.294;1821877.924;1913635.502;131666.13;ELETRICIDADE E GÁS, ÁGUA, ESGOTO, ATIVIDADES DE GESTÃO DE RESÍDUOS E DESCONTAMINAÇÃO;ADMINISTRAÇÃO, DEFESA, EDUCAÇÃO E SAÚDE PÚBLICAS E SEGURIDADE SOCIAL;DEMAIS SERVIÇOS
2018;2112001;902721.174;48375.797;157018.044;39027.197;1147142.212;1164253.582;137634.9;AGRICULTURA, INCLUSIVE APOIO À AGRICULTURA E A PÓS COLHEITA;DEMAIS SERVIÇOS;ADMINISTRAÇÃO, DEFESA, EDUCAÇÃO E SAÚDE PÚBLICAS E SEGURIDADE SOCIAL
2018;2401651;3331.967;267354.628;7335.577;20813.696;298835.869;300404.621;133513.16;ELETRICIDADE E GÁS, ÁGUA, ESGOTO, ATIVIDADES DE GESTÃO DE RESÍDUOS E DESCONTAMINAÇÃO;ADMINISTRAÇÃO, DEFESA, EDUCAÇÃO E SAÚDE PÚBLICAS E SEGURIDADE SOCIAL;DEMAIS SERVIÇOS
2018;2929206;11983.341;4036033.43;2662523.054;419220.839;7129760.664;8864183.094;225333.85;INDÚSTRIAS DE TRANSFORMAÇÃO;DEMAIS SERVIÇOS;ADMINISTRAÇÃO, DEFESA, EDUCAÇÃO E SAÚDE PÚBLICAS E SEGURIDADE SOCIAL
2018;3103751;46079.311;903940.642;201332.086;60379.06;1211731.099;1287649.717;189248.93;ELETRICIDADE E GÁS, ÁGUA, ESGOTO, ATIVIDADES DE GESTÃO DE RESÍDUOS E DESCONTAMINAÇÃO;DEMAIS SERVIÇOS;COMÉRCIO E REPARAÇÃO DE VEÍCULOS AUTOMOTORES E MOTOCICLETAS
2018;3117876;161.527;55196.799;902812.892;47061.744;1005232.962;1090964.086;163882.24;DEMAIS SERVIÇOS;ADMINISTRAÇÃO, DEFESA, EDUCAÇÃO E SAÚDE PÚBLICAS E SEGURIDADE SOCIAL;CONSTRUÇÃO
2018;3125101;5560.504;2101520.282;4589133.191;219063.601;6915277.578;9548594.545;269171.63;COMÉRCIO E REPARAÇÃO DE VEÍCULOS AUTOMOTORES E MOTOCICLETAS;DEMAIS SERVIÇOS;INDÚSTRIAS DE TRANSFORMAÇÃO
2018;3133709;22525.549;1039772.052;363678.659;59940.513;1485916.774;1549118.151;140356.81;INDÚSTRIAS EXTRATIVAS;DEMAIS SERVIÇOS;ADMINISTRAÇÃO, DEFESA, EDUCAÇÃO E SAÚDE PÚBLICAS E SEGURIDADE SOCIAL
2018;3135407;7151.574;582323.939;219240.504;50141.265;858857.282;1016472.222;204398.19;INDÚSTRIAS DE TRANSFORMAÇÃO;DEMAIS SERVIÇOS;ADMINISTRAÇÃO, DEFESA, EDUCAÇÃO E SAÚDE PÚBLICAS E SEGURIDADE SOCIAL
2018;3161908;12485.207;2576122.033;849232.965;128170.775;3566010.98;3650453.408;337442.54;INDÚSTRIAS EXTRATIVAS;DEMAIS SERVIÇOS;ADMINISTRAÇÃO, DEFESA, EDUCAÇÃO E SAÚDE PÚBLICAS E SEGURIDADE SOCIAL
2018;3168101;48525.742;364428.336;114614.576;42142.811;569711.465;625047.963;132678.4;INDÚSTRIAS EXTRATIVAS;DEMAIS SERVIÇOS;ADMINISTRAÇÃO, DEFESA, EDUCAÇÃO E SAÚDE PÚBLICAS E SEGURIDADE SOCIAL
2018;3202801;76450.549;4053550.108;1168623.99;307646.417;5606271.064;5683682.636;167009.95;INDÚSTRIAS EXTRATIVAS;DEMAIS SERVIÇOS;ADMINISTRAÇÃO, DEFESA, EDUCAÇÃO E SAÚDE PÚBLICAS E SEGURIDADE SOCIAL
2018;3204302;53289.735;5141361.904;1315091.621;132126.652;6641869.912;6693536.834;582654.67;INDÚSTRIAS EXTRATIVAS;DEMAIS SERVIÇOS;ADMINISTRAÇÃO, DEFESA, EDUCAÇÃO E SAÚDE PÚBLICAS E SEGURIDADE SOCIAL
2018;3302254;4837.292;1116050.817;1823010.736;302728.233;3246627.077;4981040.334;157942.74;DEMAIS SERVIÇOS;INDÚSTRIAS DE TRANSFORMAÇÃO;COMÉRCIO E REPARAÇÃO DE VEÍCULOS AUTOMOTORES E MOTOCICLETAS
2018;3302700;11975.175;17682632.549;7572559.114;1355789.355;26622956.193;26982734.145;171005.17;INDÚSTRIAS EXTRATIVAS;DEMAIS SERVIÇOS;ADMINISTRAÇÃO, DEFESA, EDUCAÇÃO E SAÚDE PÚBLICAS E SEGURIDADE SOCIAL
2018;3304110;5962.084;846304.678;802823.541;201030.585;1856120.888;2894247.421;149334.27;INDÚSTRIAS DE TRANSFORMAÇÃO;DEMAIS SERVIÇOS;ADMINISTRAÇÃO, DEFESA, EDUCAÇÃO E SAÚDE PÚBLICAS E SEGURIDADE SOCIAL
2018;3305000;38017.541;4223510.131;2253456.29;401711.498;6916695.46;7204709.017;199366.57;INDÚSTRIAS EXTRATIVAS;DEMAIS SERVIÇOS;ADMINISTRAÇÃO, DEFESA, EDUCAÇÃO E SAÚDE PÚBLICAS E SEGURIDADE SOCIAL
2018;3502754;1178.26;899916.816;1671266.315;116828.009;2689189.4;3268407.832;149556.5;DEMAIS SERVIÇOS;COMÉRCIO E REPARAÇÃO DE VEÍCULOS AUTOMOTORES E MOTOCICLETAS;INDÚSTRIAS DE TRANSFORMAÇÃO
2018;3505708;319.055;4525577.461;30064300.627;1844700.841;36434897.983;50562704.111;186367.81;DEMAIS SERVIÇOS;COMÉRCIO E REPARAÇÃO DE VEÍCULOS AUTOMOTORES E MOTOCICLETAS;INDÚSTRIAS DE TRANSFORMAÇÃO
2018;3509205;378.046;2091490.088;10501437.553;396712.31;12990017.997;16971943.457;224383.82;COMÉRCIO E REPARAÇÃO DE VEÍCULOS AUTOMOTORES E MOTOCICLETAS;DEMAIS SERVIÇOS;INDÚSTRIAS DE TRANSFORMAÇÃO
2018;3516853;27098.768;584279.728;146317.634;29191.959;786888.089;885935.067;186042.64;INDÚSTRIAS DE TRANSFORMAÇÃO;DEMAIS SERVIÇOS;ADMINISTRAÇÃO, DEFESA, EDUCAÇÃO E SAÚDE PÚBLICAS E SEGURIDADE SOCIAL
2018;3520400;2991.393;10150560.227;3877186.251;250104.785;14280842.656;14400915.831;419448.22;INDÚSTRIAS EXTRATIVAS;DEMAIS SERVIÇOS;ADMINISTRAÇÃO, DEFESA, EDUCAÇÃO E SAÚDE PÚBLICAS E SEGURIDADE SOCIAL
2018;3521408;16934.473;3931930.851;1763141.967;98612.501;5810619.791;7046681.11;295507.89;INDÚSTRIAS DE TRANSFORMAÇÃO;DEMAIS SERVIÇOS;ADMINISTRAÇÃO, DEFESA, EDUCAÇÃO E SAÚDE PÚBLICAS E SEGURIDADE SOCIAL
2018;3524709;12244.065;3154565.325;5387488.548;291786.539;8846084.477;11509488.108;204718.67;DEMAIS SERVIÇOS;INDÚSTRIAS DE TRANSFORMAÇÃO;COMÉRCIO E REPARAÇÃO DE VEÍCULOS AUTOMOTORES E MOTOCICLETAS
2018;3527306;31283.587;1675147.57;6577366.315;307799.054;8591596.525;10960236.722;229543.37;COMÉRCIO E REPARAÇÃO DE VEÍCULOS AUTOMOTORES E MOTOCICLETAS;DEMAIS SERVIÇOS;INDÚSTRIAS DE TRANSFORMAÇÃO
2018;3536505;22385.167;14294633.873;11624189.491;1081390.661;27022599.191;32658835.002;305863.07;INDÚSTRIAS DE TRANSFORMAÇÃO;DEMAIS SERVIÇOS;COMÉRCIO E REPARAÇÃO DE VEÍCULOS AUTOMOTORES E MOTOCICLETAS
2018;3544905;65360.034;2221270.102;946833.396;47535.993;3280999.525;3701068.259;314209.04;INDÚSTRIAS DE TRANSFORMAÇÃO;DEMAIS SERVIÇOS;AGRICULTURA, INCLUSIVE APOIO À AGRICULTURA E A PÓS COLHEITA
2018;4126272;34075.17;668777.184;36875.991;43174.345;782902.69;793007.298;145266.04;ELETRICIDADE E GÁS, ÁGUA, ESGOTO, ATIVIDADES DE GESTÃO DE RESÍDUOS E DESCONTAMINAÇÃO;ADMINISTRAÇÃO, DEFESA, EDUCAÇÃO E SAÚDE PÚBLICAS E SEGURIDADE SOCIAL;DEMAIS SERVIÇOS
2018;4213104;22669.447;450135.965;96882.883;33394.598;603082.893;615058.174;155121.86;ELETRICIDADE E GÁS, ÁGUA, ESGOTO, ATIVIDADES DE GESTÃO DE RESÍDUOS E DESCONTAMINAÇÃO;DEMAIS SERVIÇOS;ADMINISTRAÇÃO, DEFESA, EDUCAÇÃO E SAÚDE PÚBLICAS E SEGURIDADE SOCIAL
2018;4300901;53467.796;629572.397;60177.624;46020.71;789238.526;802056.676;127655.05;ELETRICIDADE E GÁS, ÁGUA, ESGOTO, ATIVIDADES DE GESTÃO DE RESÍDUOS E DESCONTAMINAÇÃO;DEMAIS SERVIÇOS;ADMINISTRAÇÃO, DEFESA, EDUCAÇÃO E SAÚDE PÚBLICAS E SEGURIDADE SOCIAL
2018;4312617;290733.391;21953.483;78278.007;25222.442;416187.323;431597.273;136971.52;AGRICULTURA, INCLUSIVE APOIO À AGRICULTURA E A PÓS COLHEITA;DEMAIS SERVIÇOS;ADMINISTRAÇÃO, DEFESA, EDUCAÇÃO E SAÚDE PÚBLICAS E SEGURIDADE SOCIAL
2018;4314464;35705.828;168242.841;14735.057;20227.518;238911.244;255963.692;130261.42;ELETRICIDADE E GÁS, ÁGUA, ESGOTO, ATIVIDADES DE GESTÃO DE RESÍDUOS E DESCONTAMINAÇÃO;AGRICULTURA, INCLUSIVE APOIO À AGRICULTURA E A PÓS COLHEITA;ADMINISTRAÇÃO, DEFESA, EDUCAÇÃO E SAÚDE PÚBLICAS E SEGURIDADE SOCIAL
2018;4314472;83048.306;510052.496;55263.688;27961.797;676326.286;686477.114;157016.72;ELETRICIDADE E GÁS, ÁGUA, ESGOTO, ATIVIDADES DE GESTÃO DE RESÍDUOS E DESCONTAMINAÇÃO;AGRICULTURA, INCLUSIVE APOIO À AGRICULTURA E A PÓS COLHEITA;DEMAIS SERVIÇOS
2018;4322004;83394.765;4278546.504;2167585.583;258846.987;6788373.839;9037466.8;309428.11;INDÚSTRIAS DE TRANSFORMAÇÃO;DEMAIS SERVIÇOS;ADMINISTRAÇÃO, DEFESA, EDUCAÇÃO E SAÚDE PÚBLICAS E SEGURIDADE SOCIAL
2018;5006275;287093.884;264172.047;95317.913;45203.736;691787.581;725417.271;132982.08;AGRICULTURA, INCLUSIVE APOIO À AGRICULTURA E A PÓS COLHEITA;INDÚSTRIAS DE TRANSFORMAÇÃO;DEMAIS SERVIÇOS
2018;5007802;508752.191;1709862.517;48483.646;63225.834;2330324.188;2358951.036;362079.97;ELETRICIDADE E GÁS, ÁGUA, ESGOTO, ATIVIDADES DE GESTÃO DE RESÍDUOS E DESCONTAMINAÇÃO;PRODUÇÃO FLORESTAL, PESCA E AQUICULTURA;ADMINISTRAÇÃO, DEFESA, EDUCAÇÃO E SAÚDE PÚBLICAS E SEGURIDADE SOCIAL
2018;5102686;642165.131;202252.37;388168.327;61696.358;1294282.186;1386684.973;206659.46;AGRICULTURA, INCLUSIVE APOIO À AGRICULTURA E A PÓS COLHEITA;COMÉRCIO E REPARAÇÃO DE VEÍCULOS AUTOMOTORES E MOTOCICLETAS;DEMAIS SERVIÇOS
2018;5107768;308322.567;16361.636;193869.23;28240.909;546794.342;589914.57;177151.52;AGRICULTURA, INCLUSIVE APOIO À AGRICULTURA E A PÓS COLHEITA;COMÉRCIO E REPARAÇÃO DE VEÍCULOS AUTOMOTORES E MOTOCICLETAS;DEMAIS SERVIÇOS
2018;5200555;10353.069;623271.897;193426.204;54786.17;881837.341;970400.57;156063.13;INDÚSTRIAS EXTRATIVAS;DEMAIS SERVIÇOS;ADMINISTRAÇÃO, DEFESA, EDUCAÇÃO E SAÚDE PÚBLICAS E SEGURIDADE SOCIAL
2018;5206909;11323.512;345269.325;11605.75;17977.987;386176.574;388073.698;185326.5;ELETRICIDADE E GÁS, ÁGUA, ESGOTO, ATIVIDADES DE GESTÃO DE RESÍDUOS E DESCONTAMINAÇÃO;ADMINISTRAÇÃO, DEFESA, EDUCAÇÃO E SAÚDE PÚBLICAS E SEGURIDADE SOCIAL;PECUÁRIA, INCLUSIVE APOIO À PECUÁRIA
2019;1502152;65667.608;8476002.86;1597261.656;305899.838;10444831.962;10704887.334;288658.15;INDÚSTRIAS EXTRATIVAS;DEMAIS SERVIÇOS;ADMINISTRAÇÃO, DEFESA, EDUCAÇÃO E SAÚDE PÚBLICAS E SEGURIDADE SOCIAL
2019;1508357;74247.846;3712115.859;99184.874;122702.293;4008250.873;4092449.175;270414.24;ELETRICIDADE E GÁS, ÁGUA, ESGOTO, ATIVIDADES DE GESTÃO DE RESÍDUOS E DESCONTAMINAÇÃO;ADMINISTRAÇÃO, DEFESA, EDUCAÇÃO E SAÚDE PÚBLICAS E SEGURIDADE SOCIAL;DEMAIS SERVIÇOS
2019;2110302;14748.391;1574085.498;71265.534;94770.855;1754870.278;1864001.891;128304.09;ELETRICIDADE E GÁS, ÁGUA, ESGOTO, ATIVIDADES DE GESTÃO DE RESÍDUOS E DESCONTAMINAÇÃO;ADMINISTRAÇÃO, DEFESA, EDUCAÇÃO E SAÚDE PÚBLICAS E SEGURIDADE SOCIAL;DEMAIS SERVIÇOS
2019;2112001;912683.49;47940.056;180653.598;40422.064;1181699.208;1206681.175;141612.62;AGRICULTURA, INCLUSIVE APOIO À AGRICULTURA E A PÓS COLHEITA;DEMAIS SERVIÇOS;ADMINISTRAÇÃO, DEFESA, EDUCAÇÃO E SAÚDE PÚBLICAS E SEGURIDADE SOCIAL
2019;2411601;13051.712;286074.167;19968.42;25498.377;344592.676;365438.037;133031.68;ELETRICIDADE E GÁS, ÁGUA, ESGOTO, ATIVIDADES DE GESTÃO DE RESÍDUOS E DESCONTAMINAÇÃO;ADMINISTRAÇÃO, DEFESA, EDUCAÇÃO E SAÚDE PÚBLICAS E SEGURIDADE SOCIAL;DEMAIS SERVIÇOS
2019;2607208;91750.394;4630639.142;3168742.895;848348.788;8739481.22;11899474.886;123690.02;INDÚSTRIAS DE TRANSFORMAÇÃO;DEMAIS SERVIÇOS;ADMINISTRAÇÃO, DEFESA, EDUCAÇÃO E SAÚDE PÚBLICAS E SEGURIDADE SOCIAL
2019;2929206;12448.606;5531325.906;2970372.561;448371.738;8962518.81;10714390.989;269192.28;INDÚSTRIAS DE TRANSFORMAÇÃO;DEMAIS SERVIÇOS;ADMINISTRAÇÃO, DEFESA, EDUCAÇÃO E SAÚDE PÚBLICAS E SEGURIDADE SOCIAL
2019;3103751;36822.051;1034494.435;199354.923;55924.783;1326596.192;1376966.859;200461.04;ELETRICIDADE E GÁS, ÁGUA, ESGOTO, ATIVIDADES DE GESTÃO DE RESÍDUOS E DESCONTAMINAÇÃO;DEMAIS SERVIÇOS;COMÉRCIO E REPARAÇÃO DE VEÍCULOS AUTOMOTORES E MOTOCICLETAS
2019;3115359;3972.714;803916.508;249341.899;36449.638;1093680.76;1103399.631;205245.47;INDÚSTRIAS EXTRATIVAS;DEMAIS SERVIÇOS;ADMINISTRAÇÃO, DEFESA, EDUCAÇÃO E SAÚDE PÚBLICAS E SEGURIDADE SOCIAL
2019;3117504;11474.408;2821371.514;913621.951;111228.795;3857696.669;3929204.142;220222.18;INDÚSTRIAS EXTRATIVAS;DEMAIS SERVIÇOS;CONSTRUÇÃO
2019;3117876;154.263;67844.51;1103940.232;47492.369;1219431.373;1298479.994;192939.08;DEMAIS SERVIÇOS;CONSTRUÇÃO;ADMINISTRAÇÃO, DEFESA, EDUCAÇÃO E SAÚDE PÚBLICAS E SEGURIDADE SOCIAL
2019;3125101;5912.269;2377076.022;4795274.73;241710.198;7419973.219;10137650.349;279852.32;COMÉRCIO E REPARAÇÃO DE VEÍCULOS AUTOMOTORES E MOTOCICLETAS;INDÚSTRIAS DE TRANSFORMAÇÃO;DEMAIS SERVIÇOS
2019;3133709;22627.921;1177407.89;417881.854;64852.712;1682770.378;1754090.98;157374.03;INDÚSTRIAS EXTRATIVAS;DEMAIS SERVIÇOS;ADMINISTRAÇÃO, DEFESA, EDUCAÇÃO E SAÚDE PÚBLICAS E SEGURIDADE SOCIAL
2019;3135407;6867.362;714348.434;273274.067;54585.613;1049075.476;1225207.137;249431.42;INDÚSTRIAS DE TRANSFORMAÇÃO;DEMAIS SERVIÇOS;ADMINISTRAÇÃO, DEFESA, EDUCAÇÃO E SAÚDE PÚBLICAS E SEGURIDADE SOCIAL
2019;3144805;1712.572;6512465.925;3759032.767;634903.251;10908114.515;11862274.536;125012.11;INDÚSTRIAS EXTRATIVAS;DEMAIS SERVIÇOS;CONSTRUÇÃO
2019;3161908;6361.11;2364665.533;831914.013;143902.212;3346842.868;3418942.243;313089.95;INDÚSTRIAS EXTRATIVAS;DEMAIS SERVIÇOS;ADMINISTRAÇÃO, DEFESA, EDUCAÇÃO E SAÚDE PÚBLICAS E SEGURIDADE SOCIAL
2019;3202801;74522.558;3085626.01;1223674.683;364360.112;4748183.363;4832435.884;140690.46;INDÚSTRIAS EXTRATIVAS;DEMAIS SERVIÇOS;ADMINISTRAÇÃO, DEFESA, EDUCAÇÃO E SAÚDE PÚBLICAS E SEGURIDADE SOCIAL
2019;3203320;86227.086;3485876.078;1363661.251;274519.916;5210284.331;5286038.143;137303.26;INDÚSTRIAS EXTRATIVAS;DEMAIS SERVIÇOS;ADMINISTRAÇÃO, DEFESA, EDUCAÇÃO E SAÚDE PÚBLICAS E SEGURIDADE SOCIAL
2019;3204302;56598.116;3805280.263;1321400.958;144389.011;5327668.348;5383037.656;465097.43;INDÚSTRIAS EXTRATIVAS;DEMAIS SERVIÇOS;ADMINISTRAÇÃO, DEFESA, EDUCAÇÃO E SAÚDE PÚBLICAS E SEGURIDADE SOCIAL
2019;3302254;4761.654;888600.931;1641147.461;325585.148;2860095.194;4474510.665;140685.76;DEMAIS SERVIÇOS;COMÉRCIO E REPARAÇÃO DE VEÍCULOS AUTOMOTORES E MOTOCICLETAS;INDÚSTRIAS DE TRANSFORMAÇÃO
2019;3302700;12316.355;25406079.901;10109344.039;1560919.289;37088659.585;37524886.359;232774.55;INDÚSTRIAS EXTRATIVAS;DEMAIS SERVIÇOS;ADMINISTRAÇÃO, DEFESA, EDUCAÇÃO E SAÚDE PÚBLICAS E SEGURIDADE SOCIAL
2019;3304110;5397.36;742942.884;689514.649;219144.917;1656999.81;2424736.215;123189.36;INDÚSTRIAS DE TRANSFORMAÇÃO;DEMAIS SERVIÇOS;ADMINISTRAÇÃO, DEFESA, EDUCAÇÃO E SAÚDE PÚBLICAS E SEGURIDADE SOCIAL
2019;3304151;22301.585;2458278.282;988310.89;304578.239;3773468.995;3822544.65;154758.89;INDÚSTRIAS EXTRATIVAS;DEMAIS SERVIÇOS;ADMINISTRAÇÃO, DEFESA, EDUCAÇÃO E SAÚDE PÚBLICAS E SEGURIDADE SOCIAL
2019;3305000;43291.543;3627401.232;3458849.609;435780.827;7565323.21;7968880.438;220732.38;DEMAIS SERVIÇOS;INDÚSTRIAS EXTRATIVAS;ADMINISTRAÇÃO, DEFESA, EDUCAÇÃO E SAÚDE PÚBLICAS E SEGURIDADE SOCIAL
2019;3501152;668.473;1101074.02;526724.01;93872.699;1722339.201;2306521.453;123820.13;INDÚSTRIAS DE TRANSFORMAÇÃO;ELETRICIDADE E GÁS, ÁGUA, ESGOTO, ATIVIDADES DE GESTÃO DE RESÍDUOS E DESCONTAMINAÇÃO;DEMAIS SERVIÇOS
2019;3502754;1088.355;839828.137;1842890.801;119522.855;2803330.148;3451347.199;154326.02;DEMAIS SERVIÇOS;COMÉRCIO E REPARAÇÃO DE VEÍCULOS AUTOMOTORES E MOTOCICLETAS;INDÚSTRIAS DE TRANSFORMAÇÃO
2019;3505708;327.72;4763146.601;32501695.937;2018078.716;39283248.975;52744930.975;192371.97;DEMAIS SERVIÇOS;COMÉRCIO E REPARAÇÃO DE VEÍCULOS AUTOMOTORES E MOTOCICLETAS;INDÚSTRIAS DE TRANSFORMAÇÃO
2019;3509205;425.974;2217855.564;12451746.129;426738.784;15096766.451;19461580.999;253402.7;COMÉRCIO E REPARAÇÃO DE VEÍCULOS AUTOMOTORES E MOTOCICLETAS;DEMAIS SERVIÇOS;INDÚSTRIAS DE TRANSFORMAÇÃO
2019;3512407;44621.913;893563.735;1574413.802;154489.621;2667089.071;3142454.634;128117.03;COMÉRCIO E REPARAÇÃO DE VEÍCULOS AUTOMOTORES E MOTOCICLETAS;DEMAIS SERVIÇOS;INDÚSTRIAS DE TRANSFORMAÇÃO
2019;3516853;29703.96;699411.485;181197.415;30345.251;940658.111;1083670.65;226283.28;INDÚSTRIAS DE TRANSFORMAÇÃO;DEMAIS SERVIÇOS;ADMINISTRAÇÃO, DEFESA, EDUCAÇÃO E SAÚDE PÚBLICAS E SEGURIDADE SOCIAL
2019;3520400;3073.976;10360901.14;4187838.994;282975.167;14834789.277;14965489.97;427952.24;INDÚSTRIAS EXTRATIVAS;DEMAIS SERVIÇOS;ADMINISTRAÇÃO, DEFESA, EDUCAÇÃO E SAÚDE PÚBLICAS E SEGURIDADE SOCIAL
2019;3524709;12107.929;3356465.044;5552772.056;341575.626;9262920.655;12010663.779;208924.71;DEMAIS SERVIÇOS;INDÚSTRIAS DE TRANSFORMAÇÃO;COMÉRCIO E REPARAÇÃO DE VEÍCULOS AUTOMOTORES E MOTOCICLETAS
2019;3527306;33392.469;4060129.696;8393685.251;310175.098;12797382.513;15916438.545;325589.41;COMÉRCIO E REPARAÇÃO DE VEÍCULOS AUTOMOTORES E MOTOCICLETAS;DEMAIS SERVIÇOS;INDÚSTRIAS DE TRANSFORMAÇÃO
2019;3536505;23464.796;17339995.043;12848727.828;1107412.777;31319600.444;37366100.99;341479.94;INDÚSTRIAS DE TRANSFORMAÇÃO;DEMAIS SERVIÇOS;COMÉRCIO E REPARAÇÃO DE VEÍCULOS AUTOMOTORES E MOTOCICLETAS
2019;3541802;114132.063;305214.495;189033.908;23462.001;631842.467;718301.034;210892.85;INDÚSTRIAS DE TRANSFORMAÇÃO;DEMAIS SERVIÇOS;PECUÁRIA, INCLUSIVE APOIO À PECUÁRIA
2019;3556701;12735.7;2830924.181;4210125.061;471651.0;7525435.942;9665021.776;122764.73;DEMAIS SERVIÇOS;INDÚSTRIAS DE TRANSFORMAÇÃO;COMÉRCIO E REPARAÇÃO DE VEÍCULOS AUTOMOTORES E MOTOCICLETAS
2019;4101804;155389.668;8293703.452;5995502.52;920193.317;15364788.957;18704368.93;130033.22;INDÚSTRIAS DE TRANSFORMAÇÃO;DEMAIS SERVIÇOS;COMÉRCIO E REPARAÇÃO DE VEÍCULOS AUTOMOTORES E MOTOCICLETAS
2019;4117305;201148.577;1943664.946;491188.402;114964.978;2750966.903;2900781.137;131014.01;INDÚSTRIAS DE TRANSFORMAÇÃO;DEMAIS SERVIÇOS;CONSTRUÇÃO
2019;4126272;33600.518;760127.76;37680.323;47918.729;879327.33;888574.568;161559.01;ELETRICIDADE E GÁS, ÁGUA, ESGOTO, ATIVIDADES DE GESTÃO DE RESÍDUOS E DESCONTAMINAÇÃO;ADMINISTRAÇÃO, DEFESA, EDUCAÇÃO E SAÚDE PÚBLICAS E SEGURIDADE SOCIAL;DEMAIS SERVIÇOS
2019;4201307;66458.533;1777006.592;1062312.793;215121.615;3120899.534;4856884.837;127380.34;INDÚSTRIAS DE TRANSFORMAÇÃO;DEMAIS SERVIÇOS;COMÉRCIO E REPARAÇÃO DE VEÍCULOS AUTOMOTORES E MOTOCICLETAS
2019;4208203;67205.655;2581147.723;12797451.886;1513963.153;16959768.417;28209752.171;128497.16;COMÉRCIO E REPARAÇÃO DE VEÍCULOS AUTOMOTORES E MOTOCICLETAS;DEMAIS SERVIÇOS;INDÚSTRIAS DE TRANSFORMAÇÃO
2019;4213104;27124.978;567503.691;101755.6;34631.246;731015.515;744222.844;193104.01;ELETRICIDADE E GÁS, ÁGUA, ESGOTO, ATIVIDADES DE GESTÃO DE RESÍDUOS E DESCONTAMINAÇÃO;DEMAIS SERVIÇOS;ADMINISTRAÇÃO, DEFESA, EDUCAÇÃO E SAÚDE PÚBLICAS E SEGURIDADE SOCIAL
2019;4300901;65546.948;814778.084;62286.036;48769.521;991380.589;1004595.717;161122.01;ELETRICIDADE E GÁS, ÁGUA, ESGOTO, ATIVIDADES DE GESTÃO DE RESÍDUOS E DESCONTAMINAÇÃO;DEMAIS SERVIÇOS;PECUÁRIA, INCLUSIVE APOIO À PECUÁRIA
2019;4312617;278546.614;99447.838;106017.187;26911.382;510923.021;547244.883;173069.22;AGRICULTURA, INCLUSIVE APOIO À AGRICULTURA E A PÓS COLHEITA;DEMAIS SERVIÇOS;INDÚSTRIAS DE TRANSFORMAÇÃO
2019;4314472;69674.65;593997.042;54091.223;31783.035;749545.95;760753.972;174885.97;ELETRICIDADE E GÁS, ÁGUA, ESGOTO, ATIVIDADES DE GESTÃO DE RESÍDUOS E DESCONTAMINAÇÃO;AGRICULTURA, INCLUSIVE APOIO À AGRICULTURA E A PÓS COLHEITA;DEMAIS SERVIÇOS
2019;4322004;78507.475;3820898.459;2135919.125;284927.26;6320252.319;8350172.132;282692.54;INDÚSTRIAS DE TRANSFORMAÇÃO;DEMAIS SERVIÇOS;ADMINISTRAÇÃO, DEFESA, EDUCAÇÃO E SAÚDE PÚBLICAS E SEGURIDADE SOCIAL
2019;5006275;311888.224;255409.73;85640.574;49376.167;702314.695;738899.379;133015.19;AGRICULTURA, INCLUSIVE APOIO À AGRICULTURA E A PÓS COLHEITA;INDÚSTRIAS DE TRANSFORMAÇÃO;DEMAIS SERVIÇOS
2019;5007802;371043.954;1788290.894;47981.419;71806.519;2279122.785;2308035.598;353505.22;ELETRICIDADE E GÁS, ÁGUA, ESGOTO, ATIVIDADES DE GESTÃO DE RESÍDUOS E DESCONTAMINAÇÃO;PRODUÇÃO FLORESTAL, PESCA E AQUICULTURA;ADMINISTRAÇÃO, DEFESA, EDUCAÇÃO E SAÚDE PÚBLICAS E SEGURIDADE SOCIAL
2019;5102686;602326.63;277226.173;304760.851;63879.165;1248192.819;1335662.45;193827.09;AGRICULTURA, INCLUSIVE APOIO À AGRICULTURA E A PÓS COLHEITA;DEMAIS SERVIÇOS;COMÉRCIO E REPARAÇÃO DE VEÍCULOS AUTOMOTORES E MOTOCICLETAS
2019;5107768;309508.369;16756.294;123916.844;30042.903;480224.41;515850.162;150437.49;AGRICULTURA, INCLUSIVE APOIO À AGRICULTURA E A PÓS COLHEITA;COMÉRCIO E REPARAÇÃO DE VEÍCULOS AUTOMOTORES E MOTOCICLETAS;DEMAIS SERVIÇOS
2019;5200555;10669.381;587094.852;184513.235;69534.49;851811.958;943152.409;147045.9;INDÚSTRIAS EXTRATIVAS;DEMAIS SERVIÇOS;ADMINISTRAÇÃO, DEFESA, EDUCAÇÃO E SAÚDE PÚBLICAS E SEGURIDADE SOCIAL
2019;5205471;537745.63;260815.875;374998.176;76047.179;1249606.86;1365276.462;134285.09;AGRICULTURA, INCLUSIVE APOIO À AGRICULTURA E A PÓS COLHEITA;DEMAIS SERVIÇOS;INDÚSTRIAS DE TRANSFORMAÇÃO
2019;5206909;16371.648;376734.561;13063.649;22238.65;428408.508;430654.92;205661.38;ELETRICIDADE E GÁS, ÁGUA, ESGOTO, ATIVIDADES DE GESTÃO DE RESÍDUOS E DESCONTAMINAÇÃO;ADMINISTRAÇÃO, DEFESA, EDUCAÇÃO E SAÚDE PÚBLICAS E SEGURIDADE SOCIAL;DEMAIS SERVIÇOS
2019;5216452;168900.436;109286.275;81273.493;28388.739;387848.942;415147.573;132677.4;AGRICULTURA, INCLUSIVE APOIO À AGRICULTURA E A PÓS COLHEITA;INDÚSTRIAS DE TRANSFORMAÇÃO;DEMAIS SERVIÇOS
2020;1502152;86816.435;19434024.293;2227430.764;383934.21;22132205.702;22503439.152;590594.94;INDÚSTRIAS EXTRATIVAS;DEMAIS SERVIÇOS;CONSTRUÇÃO
2020;1505536;195418.262;30269257.963;4783290.139;1585357.236;36833323.6;38012249.847;177979.97;INDÚSTRIAS EXTRATIVAS;DEMAIS SERVIÇOS;ADMINISTRAÇÃO, DEFESA, EDUCAÇÃO E SAÚDE PÚBLICAS E SEGURIDADE SOCIAL
2020;1508357;96402.627;3467560.588;84044.692;146043.27;3794051.177;3833695.633;250912.73;ELETRICIDADE E GÁS, ÁGUA, ESGOTO, ATIVIDADES DE GESTÃO DE RESÍDUOS E DESCONTAMINAÇÃO;ADMINISTRAÇÃO, DEFESA, EDUCAÇÃO E SAÚDE PÚBLICAS E SEGURIDADE SOCIAL;DEMAIS SERVIÇOS
2020;2110302;14515.869;2092997.755;68356.259;88781.231;2264651.114;2368470.529;163095.34;ELETRICIDADE E GÁS, ÁGUA, ESGOTO, ATIVIDADES DE GESTÃO DE RESÍDUOS E DESCONTAMINAÇÃO;ADMINISTRAÇÃO, DEFESA, EDUCAÇÃO E SAÚDE PÚBLICAS E SEGURIDADE SOCIAL;INDÚSTRIAS EXTRATIVAS
2020;2112001;1802825.466;70224.819;270995.14;47153.722;2191199.147;2231684.768;260042.5;AGRICULTURA, INCLUSIVE APOIO À AGRICULTURA E A PÓS COLHEITA;DEMAIS SERVIÇOS;CONSTRUÇÃO
2020;2411601;13403.276;319067.708;21589.676;24529.256;378589.916;418182.483;153913.32;ELETRICIDADE E GÁS, ÁGUA, ESGOTO, ATIVIDADES DE GESTÃO DE RESÍDUOS E DESCONTAMINAÇÃO;ADMINISTRAÇÃO, DEFESA, EDUCAÇÃO E SAÚDE PÚBLICAS E SEGURIDADE SOCIAL;DEMAIS SERVIÇOS
2020;2607208;150493.084;6012968.448;2730489.74;865697.533;9759648.805;12048973.221;123365.38;INDÚSTRIAS DE TRANSFORMAÇÃO;DEMAIS SERVIÇOS;ADMINISTRAÇÃO, DEFESA, EDUCAÇÃO E SAÚDE PÚBLICAS E SEGURIDADE SOCIAL
2020;2708105;1210893.753;20263.855;86782.244;58028.263;1375968.115;1379618.931;129093.19;AGRICULTURA, INCLUSIVE APOIO À AGRICULTURA E A PÓS COLHEITA;DEMAIS SERVIÇOS;ADMINISTRAÇÃO, DEFESA, EDUCAÇÃO E SAÚDE PÚBLICAS E SEGURIDADE SOCIAL
2020;2911105;2852056.693;107715.552;599610.159;135797.871;3695180.274;3803537.89;147098.96;AGRICULTURA, INCLUSIVE APOIO À AGRICULTURA E A PÓS COLHEITA;DEMAIS SERVIÇOS;ADMINISTRAÇÃO, DEFESA, EDUCAÇÃO E SAÚDE PÚBLICAS E SEGURIDADE SOCIAL
2020;2928901;3533041.014;259913.647;721881.14;167664.353;4682500.154;4833217.259;141049.94;AGRICULTURA, INCLUSIVE APOIO À AGRICULTURA E A PÓS COLHEITA;DEMAIS SERVIÇOS;ADMINISTRAÇÃO, DEFESA, EDUCAÇÃO E SAÚDE PÚBLICAS E SEGURIDADE SOCIAL
2020;2929206;15880.213;7049338.714;2668916.746;457338.967;10191474.64;11892675.966;295506.92;INDÚSTRIAS DE TRANSFORMAÇÃO;DEMAIS SERVIÇOS;ADMINISTRAÇÃO, DEFESA, EDUCAÇÃO E SAÚDE PÚBLICAS E SEGURIDADE SOCIAL
2020;3103751;48349.826;1101931.52;199879.328;63730.85;1413891.523;1462394.082;210993.23;ELETRICIDADE E GÁS, ÁGUA, ESGOTO, ATIVIDADES DE GESTÃO DE RESÍDUOS E DESCONTAMINAÇÃO;DEMAIS SERVIÇOS;INDÚSTRIAS DE TRANSFORMAÇÃO
2020;3115359;7113.193;792484.25;241972.626;38613.066;1080183.134;1093867.818;201783.4;INDÚSTRIAS EXTRATIVAS;DEMAIS SERVIÇOS;ADMINISTRAÇÃO, DEFESA, EDUCAÇÃO E SAÚDE PÚBLICAS E SEGURIDADE SOCIAL
2020;3117504;16886.145;3007016.834;961335.386;126600.441;4111838.807;4188517.339;239302.82;INDÚSTRIAS EXTRATIVAS;DEMAIS SERVIÇOS;ADMINISTRAÇÃO, DEFESA, EDUCAÇÃO E SAÚDE PÚBLICAS E SEGURIDADE SOCIAL
2020;3125101;9144.797;2327840.639;5725153.039;275281.278;8337419.754;11488023.699;310898.86;COMÉRCIO E REPARAÇÃO DE VEÍCULOS AUTOMOTORES E MOTOCICLETAS;DEMAIS SERVIÇOS;INDÚSTRIAS DE TRANSFORMAÇÃO
2020;3131901;6581.956;4102100.136;1791389.162;389453.322;6289524.576;6658985.821;126968.42;INDÚSTRIAS EXTRATIVAS;DEMAIS SERVIÇOS;INDÚSTRIAS DE TRANSFORMAÇÃO
2020;3133709;28022.017;1230449.097;435145.341;70446.763;1764063.219;1855663.108;164918.51;INDÚSTRIAS EXTRATIVAS;DEMAIS SERVIÇOS;ADMINISTRAÇÃO, DEFESA, EDUCAÇÃO E SAÚDE PÚBLICAS E SEGURIDADE SOCIAL
2020;3135407;9027.004;735263.026;259217.183;60427.476;1063934.688;1243843.239;256356.81;INDÚSTRIAS DE TRANSFORMAÇÃO;DEMAIS SERVIÇOS;ADMINISTRAÇÃO, DEFESA, EDUCAÇÃO E SAÚDE PÚBLICAS E SEGURIDADE SOCIAL
2020;3144805;2077.521;6530516.085;3892006.723;698163.635;11122763.964;12216158.27;127043.88;INDÚSTRIAS EXTRATIVAS;DEMAIS SERVIÇOS;CONSTRUÇÃO
2020;3161908;10942.733;1590287.066;609027.755;182403.882;2392661.436;2479386.086;225010.08;INDÚSTRIAS EXTRATIVAS;DEMAIS SERVIÇOS;ADMINISTRAÇÃO, DEFESA, EDUCAÇÃO E SAÚDE PÚBLICAS E SEGURIDADE SOCIAL
2020;3168101;93011.396;300710.384;99316.42;43079.401;536117.6;594040.202;122938.78;INDÚSTRIAS EXTRATIVAS;DEMAIS SERVIÇOS;AGRICULTURA, INCLUSIVE APOIO À AGRICULTURA E A PÓS COLHEITA
2020;3204302;69243.817;2368305.097;865668.196;161889.791;3465106.902;3514090.253;301431.66;INDÚSTRIAS EXTRATIVAS;DEMAIS SERVIÇOS;ADMINISTRAÇÃO, DEFESA, EDUCAÇÃO E SAÚDE PÚBLICAS E SEGURIDADE SOCIAL
2020;3302254;5941.862;1068715.423;1682470.55;335881.145;3093008.981;4586150.768;143031.15;INDÚSTRIAS DE TRANSFORMAÇÃO;DEMAIS SERVIÇOS;COMÉRCIO E REPARAÇÃO DE VEÍCULOS AUTOMOTORES E MOTOCICLETAS
2020;3302700;15187.897;23696270.862;9798848.766;1643257.996;35153565.52;35618819.02;216522.51;INDÚSTRIAS EXTRATIVAS;DEMAIS SERVIÇOS;ADMINISTRAÇÃO, DEFESA, EDUCAÇÃO E SAÚDE PÚBLICAS E SEGURIDADE SOCIAL
2020;3305000;52106.488;2148418.307;3403198.362;397083.459;6000806.616;6463427.316;177454.56;DEMAIS SERVIÇOS;INDÚSTRIAS EXTRATIVAS;ADMINISTRAÇÃO, DEFESA, EDUCAÇÃO E SAÚDE PÚBLICAS E SEGURIDADE SOCIAL
2020;3305505;19319.628;9664619.166;4452475.276;762123.227;14898537.297;15156218.659;167318.58;INDÚSTRIAS EXTRATIVAS;DEMAIS SERVIÇOS;ADMINISTRAÇÃO, DEFESA, EDUCAÇÃO E SAÚDE PÚBLICAS E SEGURIDADE SOCIAL
2020;3502754;1722.27;860554.097;1632801.63;132874.541;2627952.538;3333378.559;145817.08;DEMAIS SERVIÇOS;COMÉRCIO E REPARAÇÃO DE VEÍCULOS AUTOMOTORES E MOTOCICLETAS;INDÚSTRIAS DE TRANSFORMAÇÃO
2020;3505708;421.033;5420828.663;32115177.3;2311400.64;39847827.635;51600337.852;186294.91;DEMAIS SERVIÇOS;COMÉRCIO E REPARAÇÃO DE VEÍCULOS AUTOMOTORES E MOTOCICLETAS;INDÚSTRIAS DE TRANSFORMAÇÃO
2020;3509205;322.052;2698508.998;13810305.754;467358.455;16976495.259;21270945.596;272935.38;COMÉRCIO E REPARAÇÃO DE VEÍCULOS AUTOMOTORES E MOTOCICLETAS;DEMAIS SERVIÇOS;INDÚSTRIAS DE TRANSFORMAÇÃO
2020;3512407;54560.78;944122.446;1740542.782;179780.548;2919006.555;3419941.328;137756.44;COMÉRCIO E REPARAÇÃO DE VEÍCULOS AUTOMOTORES E MOTOCICLETAS;DEMAIS SERVIÇOS;INDÚSTRIAS DE TRANSFORMAÇÃO
2020;3516853;44484.117;1081261.853;276155.275;34439.244;1436340.489;1596122.002;331489.51;INDÚSTRIAS DE TRANSFORMAÇÃO;DEMAIS SERVIÇOS;AGRICULTURA, INCLUSIVE APOIO À AGRICULTURA E A PÓS COLHEITA
2020;3520400;3950.135;7029256.659;3168702.435;325438.08;10527347.308;10630881.261;298695.77;INDÚSTRIAS EXTRATIVAS;DEMAIS SERVIÇOS;ADMINISTRAÇÃO, DEFESA, EDUCAÇÃO E SAÚDE PÚBLICAS E SEGURIDADE SOCIAL
2020;3524006;47892.833;2717764.924;3349022.728;403378.112;6518058.598;8259460.097;131492.85;INDÚSTRIAS DE TRANSFORMAÇÃO;DEMAIS SERVIÇOS;COMÉRCIO E REPARAÇÃO DE VEÍCULOS AUTOMOTORES E MOTOCICLETAS
2020;3524709;18054.505;3037088.943;5585471.095;373982.557;9014597.1;11426525.492;194586.79;DEMAIS SERVIÇOS;INDÚSTRIAS DE TRANSFORMAÇÃO;COMÉRCIO E REPARAÇÃO DE VEÍCULOS AUTOMOTORES E MOTOCICLETAS
2020;3527306;40797.654;5460107.852;9831261.548;318228.384;15650395.438;19111719.58;382287.91;INDÚSTRIAS DE TRANSFORMAÇÃO;COMÉRCIO E REPARAÇÃO DE VEÍCULOS AUTOMOTORES E MOTOCICLETAS;DEMAIS SERVIÇOS
2020;3536505;18946.302;19764705.823;12925339.274;1241540.387;33950531.787;39807062.338;355410.68;INDÚSTRIAS DE TRANSFORMAÇÃO;DEMAIS SERVIÇOS;COMÉRCIO E REPARAÇÃO DE VEÍCULOS AUTOMOTORES E MOTOCICLETAS
2020;3541802;101190.601;413528.407;225490.115;28508.906;768718.03;862586.717;249302.52;INDÚSTRIAS DE TRANSFORMAÇÃO;DEMAIS SERVIÇOS;PECUÁRIA, INCLUSIVE APOIO À PECUÁRIA
2020;3544251;68535.782;1781489.063;208124.614;119470.958;2177620.417;2195060.252;134823.43;ELETRICIDADE E GÁS, ÁGUA, ESGOTO, ATIVIDADES DE GESTÃO DE RESÍDUOS E DESCONTAMINAÇÃO;DEMAIS SERVIÇOS;ADMINISTRAÇÃO, DEFESA, EDUCAÇÃO E SAÚDE PÚBLICAS E SEGURIDADE SOCIAL
2020;3556701;14670.319;3046860.946;4553885.233;529492.768;8144909.265;10493524.608;130987.31;DEMAIS SERVIÇOS;INDÚSTRIAS DE TRANSFORMAÇÃO;COMÉRCIO E REPARAÇÃO DE VEÍCULOS AUTOMOTORES E MOTOCICLETAS
2020;4101804;203072.68;10126648.61;5072966.311;1012779.709;16415467.31;19686155.208;134639.33;INDÚSTRIAS DE TRANSFORMAÇÃO;DEMAIS SERVIÇOS;COMÉRCIO E REPARAÇÃO DE VEÍCULOS AUTOMOTORES E MOTOCICLETAS
2020;4117305;306729.884;1538610.46;326817.03;125222.65;2297380.023;2718482.205;123792.45;INDÚSTRIAS DE TRANSFORMAÇÃO;CONSTRUÇÃO;DEMAIS SERVIÇOS
2020;4126272;44415.806;556415.83;39895.399;46088.892;686815.928;696574.627;125758.19;ELETRICIDADE E GÁS, ÁGUA, ESGOTO, ATIVIDADES DE GESTÃO DE RESÍDUOS E DESCONTAMINAÇÃO;ADMINISTRAÇÃO, DEFESA, EDUCAÇÃO E SAÚDE PÚBLICAS E SEGURIDADE SOCIAL;DEMAIS SERVIÇOS
2020;4201307;77670.373;1999986.543;1346184.159;220745.18;3644586.255;5507493.411;139345.55;INDÚSTRIAS DE TRANSFORMAÇÃO;DEMAIS SERVIÇOS;COMÉRCIO E REPARAÇÃO DE VEÍCULOS AUTOMOTORES E MOTOCICLETAS
2020;4208203;81454.537;2956360.476;14455449.812;1526363.169;19019627.994;33007673.352;147942.17;COMÉRCIO E REPARAÇÃO DE VEÍCULOS AUTOMOTORES E MOTOCICLETAS;DEMAIS SERVIÇOS;INDÚSTRIAS DE TRANSFORMAÇÃO
2020;4213104;28086.457;585825.562;84082.588;34507.528;732502.135;742489.564;198261.57;ELETRICIDADE E GÁS, ÁGUA, ESGOTO, ATIVIDADES DE GESTÃO DE RESÍDUOS E DESCONTAMINAÇÃO;DEMAIS SERVIÇOS;ADMINISTRAÇÃO, DEFESA, EDUCAÇÃO E SAÚDE PÚBLICAS E SEGURIDADE SOCIAL
2020;4300901;87507.597;768759.755;65242.094;49262.713;970772.159;985213.666;159187.86;ELETRICIDADE E GÁS, ÁGUA, ESGOTO, ATIVIDADES DE GESTÃO DE RESÍDUOS E DESCONTAMINAÇÃO;PECUÁRIA, INCLUSIVE APOIO À PECUÁRIA;DEMAIS SERVIÇOS
2020;4303558;49413.423;187710.49;100816.157;21743.556;359683.626;409991.032;149522.62;INDÚSTRIAS DE TRANSFORMAÇÃO;DEMAIS SERVIÇOS;PECUÁRIA, INCLUSIVE APOIO À PECUÁRIA
2020;4304358;49720.876;1313598.994;98667.554;73455.006;1535442.43;1577512.893;163523.67;ELETRICIDADE E GÁS, ÁGUA, ESGOTO, ATIVIDADES DE GESTÃO DE RESÍDUOS E DESCONTAMINAÇÃO;DEMAIS SERVIÇOS;ADMINISTRAÇÃO, DEFESA, EDUCAÇÃO E SAÚDE PÚBLICAS E SEGURIDADE SOCIAL
2020;4310363;26354.261;490041.418;118520.793;22546.78;657463.252;742319.617;239457.94;INDÚSTRIAS DE TRANSFORMAÇÃO;DEMAIS SERVIÇOS;PECUÁRIA, INCLUSIVE APOIO À PECUÁRIA
2020;4312617;382893.723;144709.263;123624.926;26363.626;677591.537;724742.602;228409.27;AGRICULTURA, INCLUSIVE APOIO À AGRICULTURA E A PÓS COLHEITA;INDÚSTRIAS DE TRANSFORMAÇÃO;DEMAIS SERVIÇOS
2020;4314472;54104.833;640674.224;47845.284;32081.267;774705.608;784930.056;181319.02;ELETRICIDADE E GÁS, ÁGUA, ESGOTO, ATIVIDADES DE GESTÃO DE RESÍDUOS E DESCONTAMINAÇÃO;AGRICULTURA, INCLUSIVE APOIO À AGRICULTURA E A PÓS COLHEITA;ADMINISTRAÇÃO, DEFESA, EDUCAÇÃO E SAÚDE PÚBLICAS E SEGURIDADE SOCIAL
2020;4322004;84041.621;3588723.096;1736191.725;279815.13;5688771.571;7207369.41;241404.39;INDÚSTRIAS DE TRANSFORMAÇÃO;DEMAIS SERVIÇOS;ADMINISTRAÇÃO, DEFESA, EDUCAÇÃO E SAÚDE PÚBLICAS E SEGURIDADE SOCIAL
2020;5006275;479522.915;229061.595;96557.741;53185.497;858327.748;903104.121;159728.36;AGRICULTURA, INCLUSIVE APOIO À AGRICULTURA E A PÓS COLHEITA;INDÚSTRIAS DE TRANSFORMAÇÃO;DEMAIS SERVIÇOS
2020;5007802;326663.575;2164528.775;53367.952;83553.4;2628113.702;2656109.961;406008.86;ELETRICIDADE E GÁS, ÁGUA, ESGOTO, ATIVIDADES DE GESTÃO DE RESÍDUOS E DESCONTAMINAÇÃO;PRODUÇÃO FLORESTAL, PESCA E AQUICULTURA;ADMINISTRAÇÃO, DEFESA, EDUCAÇÃO E SAÚDE PÚBLICAS E SEGURIDADE SOCIAL
2020;5102637;2069467.534;606693.191;1284205.938;275384.675;4235751.338;4610006.765;127549.09;AGRICULTURA, INCLUSIVE APOIO À AGRICULTURA E A PÓS COLHEITA;COMÉRCIO E REPARAÇÃO DE VEÍCULOS AUTOMOTORES E MOTOCICLETAS;DEMAIS SERVIÇOS
2020;5102686;995298.712;401985.496;331307.7;71440.511;1800032.419;1914450.05;270785.01;AGRICULTURA, INCLUSIVE APOIO À AGRICULTURA E A PÓS COLHEITA;ELETRICIDADE E GÁS, ÁGUA, ESGOTO, ATIVIDADES DE GESTÃO DE RESÍDUOS E DESCONTAMINAÇÃO;DEMAIS SERVIÇOS
2020;5103502;2059322.294;238500.409;675354.593;173371.79;3146549.087;3358057.766;151413.91;AGRICULTURA, INCLUSIVE APOIO À AGRICULTURA E A PÓS COLHEITA;DEMAIS SERVIÇOS;COMÉRCIO E REPARAÇÃO DE VEÍCULOS AUTOMOTORES E MOTOCICLETAS
2020;5104526;888714.394;41694.929;256549.96;58292.744;1245252.026;1327308.337;167589.44;AGRICULTURA, INCLUSIVE APOIO À AGRICULTURA E A PÓS COLHEITA;DEMAIS SERVIÇOS;COMÉRCIO E REPARAÇÃO DE VEÍCULOS AUTOMOTORES E MOTOCICLETAS
2020;5106240;1585711.986;76032.919;377776.632;97254.412;2136775.948;2270022.953;184584.73;AGRICULTURA, INCLUSIVE APOIO À AGRICULTURA E A PÓS COLHEITA;DEMAIS SERVIÇOS;COMÉRCIO E REPARAÇÃO DE VEÍCULOS AUTOMOTORES E MOTOCICLETAS
2020;5106802;703024.39;32771.909;114698.441;49659.265;900154.004;948673.522;176892.32;AGRICULTURA, INCLUSIVE APOIO À AGRICULTURA E A PÓS COLHEITA;DEMAIS SERVIÇOS;ADMINISTRAÇÃO, DEFESA, EDUCAÇÃO E SAÚDE PÚBLICAS E SEGURIDADE SOCIAL
2020;5107065;1057058.876;221659.286;1093546.121;157360.092;2529624.374;2794894.145;155817.26;AGRICULTURA, INCLUSIVE APOIO À AGRICULTURA E A PÓS COLHEITA;COMÉRCIO E REPARAÇÃO DE VEÍCULOS AUTOMOTORES E MOTOCICLETAS;DEMAIS SERVIÇOS
2020;5107248;380345.527;36315.374;168172.76;39089.358;623923.02;670118.92;146859.29;AGRICULTURA, INCLUSIVE APOIO À AGRICULTURA E A PÓS COLHEITA;COMÉRCIO E REPARAÇÃO DE VEÍCULOS AUTOMOTORES E MOTOCICLETAS;DEMAIS SERVIÇOS
2020;5107768;615455.788;23885.531;169416.316;36129.292;844886.928;898176.228;256182.61;AGRICULTURA, INCLUSIVE APOIO À AGRICULTURA E A PÓS COLHEITA;COMÉRCIO E REPARAÇÃO DE VEÍCULOS AUTOMOTORES E MOTOCICLETAS;DEMAIS SERVIÇOS
2020;5107792;539275.489;20220.317;60420.712;43364.29;663280.808;694997.446;130295.73;AGRICULTURA, INCLUSIVE APOIO À AGRICULTURA E A PÓS COLHEITA;DEMAIS SERVIÇOS;ADMINISTRAÇÃO, DEFESA, EDUCAÇÃO E SAÚDE PÚBLICAS E SEGURIDADE SOCIAL
2020;5107875;2161715.761;279290.479;811819.094;209400.394;3462225.728;3738301.494;140074.25;AGRICULTURA, INCLUSIVE APOIO À AGRICULTURA E A PÓS COLHEITA;DEMAIS SERVIÇOS;COMÉRCIO E REPARAÇÃO DE VEÍCULOS AUTOMOTORES E MOTOCICLETAS
2020;5203203;31310.212;1078988.522;221928.225;83169.617;1415396.576;1524944.188;133673.23;INDÚSTRIAS DE TRANSFORMAÇÃO;DEMAIS SERVIÇOS;ADMINISTRAÇÃO, DEFESA, EDUCAÇÃO E SAÚDE PÚBLICAS E SEGURIDADE SOCIAL
2020;5205471;625583.859;607804.453;383700.681;74549.406;1691638.399;1844756.223;175925.64;AGRICULTURA, INCLUSIVE APOIO À AGRICULTURA E A PÓS COLHEITA;INDÚSTRIAS DE TRANSFORMAÇÃO;DEMAIS SERVIÇOS
2020;5206909;22416.002;544831.652;12503.827;22611.744;602363.225;604466.921;288666.15;ELETRICIDADE E GÁS, ÁGUA, ESGOTO, ATIVIDADES DE GESTÃO DE RESÍDUOS E DESCONTAMINAÇÃO;ADMINISTRAÇÃO, DEFESA, EDUCAÇÃO E SAÚDE PÚBLICAS E SEGURIDADE SOCIAL;PECUÁRIA, INCLUSIVE APOIO À PECUÁRIA
2020;5216452;184618.573;172954.686;74435.664;29704.871;461713.793;485672.63;154525.18;AGRICULTURA, INCLUSIVE APOIO À AGRICULTURA E A PÓS COLHEITA;INDÚSTRIAS DE TRANSFORMAÇÃO;DEMAIS SERVIÇOS
2021;1502152;111000.806;30877676.867;3066192.64;407859.437;34462729.751;34987915.115;894762.94;INDÚSTRIAS EXTRATIVAS;DEMAIS SERVIÇOS;CONSTRUÇÃO
2021;1502772;108749.678;3061776.47;337556.519;109867.063;3617949.73;3666990.538;206428.2;INDÚSTRIAS EXTRATIVAS;DEMAIS SERVIÇOS;ADMINISTRAÇÃO, DEFESA, EDUCAÇÃO E SAÚDE PÚBLICAS E SEGURIDADE SOCIAL
2021;1505536;238182.766;40659414.066;5655262.876;1797123.505;48349983.212;49756254.884;227418.7;INDÚSTRIAS EXTRATIVAS;DEMAIS SERVIÇOS;ADMINISTRAÇÃO, DEFESA, EDUCAÇÃO E SAÚDE PÚBLICAS E SEGURIDADE SOCIAL
2021;1508357;107917.782;3865918.737;84291.224;140076.034;4198203.778;4230224.672;274315.85;ELETRICIDADE E GÁS, ÁGUA, ESGOTO, ATIVIDADES DE GESTÃO DE RESÍDUOS E DESCONTAMINAÇÃO;ADMINISTRAÇÃO, DEFESA, EDUCAÇÃO E SAÚDE PÚBLICAS E SEGURIDADE SOCIAL;DEMAIS SERVIÇOS
2021;1720853;494498.052;2556.276;12619.99;19211.505;528885.822;532373.973;265258.58;PRODUÇÃO FLORESTAL, PESCA E AQUICULTURA;AGRICULTURA, INCLUSIVE APOIO À AGRICULTURA E A PÓS COLHEITA;PECUÁRIA, INCLUSIVE APOIO À PECUÁRIA
2021;2104305;10338.847;2171526.898;377203.927;54344.55;2613414.221;2658688.345;219653.7;INDÚSTRIAS EXTRATIVAS;DEMAIS SERVIÇOS;ADMINISTRAÇÃO, DEFESA, EDUCAÇÃO E SAÚDE PÚBLICAS E SEGURIDADE SOCIAL
2021;2110302;16895.743;2749056.813;85934.592;94998.862;2946886.01;3055534.598;210494.25;ELETRICIDADE E GÁS, ÁGUA, ESGOTO, ATIVIDADES DE GESTÃO DE RESÍDUOS E DESCONTAMINAÇÃO;INDÚSTRIAS EXTRATIVAS;ADMINISTRAÇÃO, DEFESA, EDUCAÇÃO E SAÚDE PÚBLICAS E SEGURIDADE SOCIAL
2021;2112001;1863065.762;67992.454;314485.988;51298.611;2296842.815;2351422.335;272092.38;AGRICULTURA, INCLUSIVE APOIO À AGRICULTURA E A PÓS COLHEITA;DEMAIS SERVIÇOS;COMÉRCIO E REPARAÇÃO DE VEÍCULOS AUTOMOTORES E MOTOCICLETAS
2021;2201150;1245821.238;76751.507;239642.893;84835.053;1647050.69;1768705.362;150515.31;AGRICULTURA, INCLUSIVE APOIO À AGRICULTURA E A PÓS COLHEITA;DEMAIS SERVIÇOS;ADMINISTRAÇÃO, DEFESA, EDUCAÇÃO E SAÚDE PÚBLICAS E SEGURIDADE SOCIAL
2021;2211209;1130773.724;537026.126;642861.191;131805.916;2442466.957;2829979.498;130137.93;AGRICULTURA, INCLUSIVE APOIO À AGRICULTURA E A PÓS COLHEITA;INDÚSTRIAS DE TRANSFORMAÇÃO;DEMAIS SERVIÇOS
2021;2312403;47518.086;5238849.794;1454218.385;312347.748;7052934.012;8624986.628;174927.73;INDÚSTRIAS DE TRANSFORMAÇÃO;ELETRICIDADE E GÁS, ÁGUA, ESGOTO, ATIVIDADES DE GESTÃO DE RESÍDUOS E DESCONTAMINAÇÃO;DEMAIS SERVIÇOS
2021;2401651;4083.008;246251.382;9464.74;24181.025;283980.155;286573.534;132000.71;ELETRICIDADE E GÁS, ÁGUA, ESGOTO, ATIVIDADES DE GESTÃO DE RESÍDUOS E DESCONTAMINAÇÃO;ADMINISTRAÇÃO, DEFESA, EDUCAÇÃO E SAÚDE PÚBLICAS E SEGURIDADE SOCIAL;DEMAIS SERVIÇOS
2021;2404507;41292.566;1471019.516;258286.927;190762.935;1961361.945;2042132.536;125584.68;INDÚSTRIAS DE TRANSFORMAÇÃO;ADMINISTRAÇÃO, DEFESA, EDUCAÇÃO E SAÚDE PÚBLICAS E SEGURIDADE SOCIAL;DEMAIS SERVIÇOS
2021;2411601;10552.038;452181.048;19561.046;27247.077;509541.209;549241.307;204406.89;ELETRICIDADE E GÁS, ÁGUA, ESGOTO, ATIVIDADES DE GESTÃO DE RESÍDUOS E DESCONTAMINAÇÃO;ADMINISTRAÇÃO, DEFESA, EDUCAÇÃO E SAÚDE PÚBLICAS E SEGURIDADE SOCIAL;DEMAIS SERVIÇOS
2021;2500601;30130.762;181909.568;2232427.0;136909.015;2581376.344;3391901.194;170747.61;COMÉRCIO E REPARAÇÃO DE VEÍCULOS AUTOMOTORES E MOTOCICLETAS;DEMAIS SERVIÇOS;ADMINISTRAÇÃO, DEFESA, EDUCAÇÃO E SAÚDE PÚBLICAS E SEGURIDADE SOCIAL
2021;2606200;247062.953;5131372.345;2017569.277;492782.34;7888786.916;10662963.847;132714.72;INDÚSTRIAS DE TRANSFORMAÇÃO;DEMAIS SERVIÇOS;ADMINISTRAÇÃO, DEFESA, EDUCAÇÃO E SAÚDE PÚBLICAS E SEGURIDADE SOCIAL
2021;2607208;189928.854;7078373.152;3544328.92;869625.194;11682256.121;14929346.492;150647.79;INDÚSTRIAS DE TRANSFORMAÇÃO;DEMAIS SERVIÇOS;ELETRICIDADE E GÁS, ÁGUA, ESGOTO, ATIVIDADES DE GESTÃO DE RESÍDUOS E DESCONTAMINAÇÃO
2021;2708105;1233702.269;19351.155;90194.086;60075.723;1403323.233;1408592.374;132423.84;AGRICULTURA, INCLUSIVE APOIO À AGRICULTURA E A PÓS COLHEITA;DEMAIS SERVIÇOS;ADMINISTRAÇÃO, DEFESA, EDUCAÇÃO E SAÚDE PÚBLICAS E SEGURIDADE SOCIAL
2021;2911105;3398631.968;145473.671;763224.324;134461.129;4441791.091;4609105.455;176519.68;AGRICULTURA, INCLUSIVE APOIO À AGRICULTURA E A PÓS COLHEITA;DEMAIS SERVIÇOS;COMÉRCIO E REPARAÇÃO DE VEÍCULOS AUTOMOTORES E MOTOCICLETAS
2021;2917359;1005404.739;76370.916;166807.681;43226.473;1291809.81;1344176.128;164405.1;AGRICULTURA, INCLUSIVE APOIO À AGRICULTURA E A PÓS COLHEITA;DEMAIS SERVIÇOS;PECUÁRIA, INCLUSIVE APOIO À PECUÁRIA
2021;2928901;4191027.751;353309.729;889736.628;191192.919;5625267.026;5846223.785;168168.9;AGRICULTURA, INCLUSIVE APOIO À AGRICULTURA E A PÓS COLHEITA;DEMAIS SERVIÇOS;ADMINISTRAÇÃO, DEFESA, EDUCAÇÃO E SAÚDE PÚBLICAS E SEGURIDADE SOCIAL
2021;2929206;17002.499;7341282.517;3096529.77;367955.607;10822770.393;13095066.58;322030.95;INDÚSTRIAS DE TRANSFORMAÇÃO;DEMAIS SERVIÇOS;ADMINISTRAÇÃO, DEFESA, EDUCAÇÃO E SAÚDE PÚBLICAS E SEGURIDADE SOCIAL
2021;3103751;60753.349;916759.501;196117.228;64994.021;1238624.098;1294623.562;185157.83;ELETRICIDADE E GÁS, ÁGUA, ESGOTO, ATIVIDADES DE GESTÃO DE RESÍDUOS E DESCONTAMINAÇÃO;DEMAIS SERVIÇOS;CONSTRUÇÃO
2021;3115359;7502.002;4069095.452;874596.042;41799.95;4992993.446;5032326.985;920828.36;INDÚSTRIAS EXTRATIVAS;DEMAIS SERVIÇOS;ADMINISTRAÇÃO, DEFESA, EDUCAÇÃO E SAÚDE PÚBLICAS E SEGURIDADE SOCIAL
2021;3117504;21947.374;7129218.984;1669366.47;139581.257;8960114.085;9050952.928;519036.18;INDÚSTRIAS EXTRATIVAS;DEMAIS SERVIÇOS;ADMINISTRAÇÃO, DEFESA, EDUCAÇÃO E SAÚDE PÚBLICAS E SEGURIDADE SOCIAL
2021;3118007;3825.322;5068164.234;1535347.456;413530.806;7020867.818;7677447.326;137499.95;INDÚSTRIAS DE TRANSFORMAÇÃO;INDÚSTRIAS EXTRATIVAS;DEMAIS SERVIÇOS
2021;3125101;11357.222;2418815.272;6469966.824;302984.858;9203124.175;13653880.394;362662.5;COMÉRCIO E REPARAÇÃO DE VEÍCULOS AUTOMOTORES E MOTOCICLETAS;DEMAIS SERVIÇOS;INDÚSTRIAS DE TRANSFORMAÇÃO
2021;3130705;255033.681;411412.695;99290.435;49073.514;814810.326;875623.444;124928.44;CONSTRUÇÃO;AGRICULTURA, INCLUSIVE APOIO À AGRICULTURA E A PÓS COLHEITA;ELETRICIDADE E GÁS, ÁGUA, ESGOTO, ATIVIDADES DE GESTÃO DE RESÍDUOS E DESCONTAMINAÇÃO
2021;3131703;24520.366;10408560.785;3474565.121;601371.222;14509017.494;14971550.437;123002.95;INDÚSTRIAS EXTRATIVAS;DEMAIS SERVIÇOS;ADMINISTRAÇÃO, DEFESA, EDUCAÇÃO E SAÚDE PÚBLICAS E SEGURIDADE SOCIAL
2021;3131901;8516.846;9350839.4;2818662.335;422544.622;12600563.203;13139281.552;247929.68;INDÚSTRIAS EXTRATIVAS;DEMAIS SERVIÇOS;ADMINISTRAÇÃO, DEFESA, EDUCAÇÃO E SAÚDE PÚBLICAS E SEGURIDADE SOCIAL
2021;3133709;34263.73;5451781.517;1247245.458;79177.089;6812467.794;6934361.709;610741.74;INDÚSTRIAS EXTRATIVAS;DEMAIS SERVIÇOS;ADMINISTRAÇÃO, DEFESA, EDUCAÇÃO E SAÚDE PÚBLICAS E SEGURIDADE SOCIAL
2021;3135407;10476.505;1315048.34;293404.358;60195.334;1679124.537;1952716.357;407240.12;INDÚSTRIAS DE TRANSFORMAÇÃO;DEMAIS SERVIÇOS;ADMINISTRAÇÃO, DEFESA, EDUCAÇÃO E SAÚDE PÚBLICAS E SEGURIDADE SOCIAL
2021;3144805;3335.46;13942745.194;5223937.539;736535.201;19906553.394;21040765.73;216073.09;INDÚSTRIAS EXTRATIVAS;DEMAIS SERVIÇOS;ADMINISTRAÇÃO, DEFESA, EDUCAÇÃO E SAÚDE PÚBLICAS E SEGURIDADE SOCIAL
2021;3145901;9791.61;2937280.849;919776.359;227412.276;4094261.094;5276139.182;131181.98;INDÚSTRIAS DE TRANSFORMAÇÃO;DEMAIS SERVIÇOS;ADMINISTRAÇÃO, DEFESA, EDUCAÇÃO E SAÚDE PÚBLICAS E SEGURIDADE SOCIAL
2021;3146107;30549.358;6362932.736;2260337.154;462530.891;9116350.139;9518796.768;127215.82;INDÚSTRIAS EXTRATIVAS;DEMAIS SERVIÇOS;ADMINISTRAÇÃO, DEFESA, EDUCAÇÃO E SAÚDE PÚBLICAS E SEGURIDADE SOCIAL
2021;3161908;12551.14;5826629.256;1415025.733;176734.622;7430940.751;7603788.203;684163.06;INDÚSTRIAS EXTRATIVAS;DEMAIS SERVIÇOS;CONSTRUÇÃO
2021;3168101;123205.144;366086.557;99238.505;40079.212;628609.418;688691.867;140836.78;INDÚSTRIAS EXTRATIVAS;DEMAIS SERVIÇOS;AGRICULTURA, INCLUSIVE APOIO À AGRICULTURA E A PÓS COLHEITA
2021;3200409;40268.586;4238345.458;1094528.302;250852.84;5623995.187;5764186.103;190331.39;INDÚSTRIAS EXTRATIVAS;DEMAIS SERVIÇOS;ADMINISTRAÇÃO, DEFESA, EDUCAÇÃO E SAÚDE PÚBLICAS E SEGURIDADE SOCIAL
2021;3202801;116500.067;4062152.033;1096314.241;362083.728;5637050.069;5744177.305;164321.23;INDÚSTRIAS EXTRATIVAS;DEMAIS SERVIÇOS;ADMINISTRAÇÃO, DEFESA, EDUCAÇÃO E SAÚDE PÚBLICAS E SEGURIDADE SOCIAL
2021;3203320;114907.822;4862745.295;1268542.697;323783.419;6569979.233;6659690.622;169634.75;INDÚSTRIAS EXTRATIVAS;DEMAIS SERVIÇOS;ADMINISTRAÇÃO, DEFESA, EDUCAÇÃO E SAÚDE PÚBLICAS E SEGURIDADE SOCIAL
2021;3204302;79635.721;5314481.342;1210278.626;147663.031;6752058.72;6811823.205;580174.02;INDÚSTRIAS EXTRATIVAS;DEMAIS SERVIÇOS;ADMINISTRAÇÃO, DEFESA, EDUCAÇÃO E SAÚDE PÚBLICAS E SEGURIDADE SOCIAL
2021;3302254;6491.814;2061682.37;2020747.964;367452.453;4456374.601;6893408.051;213338.95;INDÚSTRIAS DE TRANSFORMAÇÃO;COMÉRCIO E REPARAÇÃO DE VEÍCULOS AUTOMOTORES E MOTOCICLETAS;DEMAIS SERVIÇOS
2021;3302700;16520.363;65616070.066;17609583.685;1814113.726;85056287.839;85814187.756;511810.17;INDÚSTRIAS EXTRATIVAS;DEMAIS SERVIÇOS;ADMINISTRAÇÃO, DEFESA, EDUCAÇÃO E SAÚDE PÚBLICAS E SEGURIDADE SOCIAL
2021;3303302;26399.158;37156046.821;21273203.344;4927303.291;63382952.613;66345487.878;128332.55;INDÚSTRIAS EXTRATIVAS;DEMAIS SERVIÇOS;ADMINISTRAÇÃO, DEFESA, EDUCAÇÃO E SAÚDE PÚBLICAS E SEGURIDADE SOCIAL
2021;3304110;4901.995;1749294.037;885165.369;246631.265;2885992.666;4245725.384;209624.04;INDÚSTRIAS DE TRANSFORMAÇÃO;DEMAIS SERVIÇOS;ADMINISTRAÇÃO, DEFESA, EDUCAÇÃO E SAÚDE PÚBLICAS E SEGURIDADE SOCIAL
2021;3304151;33196.838;4343046.807;1194813.736;352484.306;5923541.687;5996886.398;234849.67;INDÚSTRIAS EXTRATIVAS;DEMAIS SERVIÇOS;ADMINISTRAÇÃO, DEFESA, EDUCAÇÃO E SAÚDE PÚBLICAS E SEGURIDADE SOCIAL
2021;3305000;59303.834;4636444.228;4061566.671;415544.336;9172859.069;9886848.907;269169.06;INDÚSTRIAS EXTRATIVAS;DEMAIS SERVIÇOS;ADMINISTRAÇÃO, DEFESA, EDUCAÇÃO E SAÚDE PÚBLICAS E SEGURIDADE SOCIAL
2021;3305505;22406.714;31852883.027;8961974.001;921585.542;41758849.284;42178159.132;458767.42;INDÚSTRIAS EXTRATIVAS;DEMAIS SERVIÇOS;ADMINISTRAÇÃO, DEFESA, EDUCAÇÃO E SAÚDE PÚBLICAS E SEGURIDADE SOCIAL
2021;3501152;1155.379;2236917.868;793351.243;117203.345;3148627.836;3982313.077;210670.96;INDÚSTRIAS DE TRANSFORMAÇÃO;DEMAIS SERVIÇOS;ELETRICIDADE E GÁS, ÁGUA, ESGOTO, ATIVIDADES DE GESTÃO DE RESÍDUOS E DESCONTAMINAÇÃO
2021;3502754;1760.733;1504367.05;2112508.413;135830.003;3754466.199;4814503.906;206250.44;INDÚSTRIAS DE TRANSFORMAÇÃO;DEMAIS SERVIÇOS;COMÉRCIO E REPARAÇÃO DE VEÍCULOS AUTOMOTORES E MOTOCICLETAS
2021;3505708;464.12;5741034.37;36185003.015;2282410.141;44208911.645;58027666.618;207460.98;DEMAIS SERVIÇOS;COMÉRCIO E REPARAÇÃO DE VEÍCULOS AUTOMOTORES E MOTOCICLETAS;INDÚSTRIAS DE TRANSFORMAÇÃO
2021;3509205;276.713;2955318.873;14021896.021;497559.69;17475051.296;22713160.274;287384.67;COMÉRCIO E REPARAÇÃO DE VEÍCULOS AUTOMOTORES E MOTOCICLETAS;DEMAIS SERVIÇOS;INDÚSTRIAS DE TRANSFORMAÇÃO
2021;3512407;60273.844;1298662.354;1915957.766;197078.759;3471972.723;4107826.495;163554.17;INDÚSTRIAS DE TRANSFORMAÇÃO;COMÉRCIO E REPARAÇÃO DE VEÍCULOS AUTOMOTORES E MOTOCICLETAS;DEMAIS SERVIÇOS
2021;3513504;1326.057;12465419.7;5836351.934;796868.344;19099966.035;21946471.662;165607.5;INDÚSTRIAS DE TRANSFORMAÇÃO;DEMAIS SERVIÇOS;ELETRICIDADE E GÁS, ÁGUA, ESGOTO, ATIVIDADES DE GESTÃO DE RESÍDUOS E DESCONTAMINAÇÃO
2021;3516853;47791.742;739454.245;197164.038;39175.792;1023585.817;1184185.051;244615.79;INDÚSTRIAS DE TRANSFORMAÇÃO;DEMAIS SERVIÇOS;AGRICULTURA, INCLUSIVE APOIO À AGRICULTURA E A PÓS COLHEITA
2021;3520400;4355.183;9689118.052;3816794.074;311820.102;13822087.41;13956618.262;385605.85;INDÚSTRIAS EXTRATIVAS;DEMAIS SERVIÇOS;ADMINISTRAÇÃO, DEFESA, EDUCAÇÃO E SAÚDE PÚBLICAS E SEGURIDADE SOCIAL
2021;3524006;90568.245;2380931.761;3601852.833;413889.302;6487242.141;8423278.988;130938.58;INDÚSTRIAS DE TRANSFORMAÇÃO;DEMAIS SERVIÇOS;COMÉRCIO E REPARAÇÃO DE VEÍCULOS AUTOMOTORES E MOTOCICLETAS
2021;3524709;20779.595;3759802.801;6870415.167;379153.169;11030150.731;13981301.517;233328.91;DEMAIS SERVIÇOS;INDÚSTRIAS DE TRANSFORMAÇÃO;COMÉRCIO E REPARAÇÃO DE VEÍCULOS AUTOMOTORES E MOTOCICLETAS
2021;3525904;185537.439;11700443.69;29583739.418;2239148.491;43708869.039;57670892.685;135081.2;DEMAIS SERVIÇOS;COMÉRCIO E REPARAÇÃO DE VEÍCULOS AUTOMOTORES E MOTOCICLETAS;INDÚSTRIAS DE TRANSFORMAÇÃO
2021;3527306;37358.866;5764020.101;9636000.876;326980.049;15764359.891;19677150.59;385773.53;INDÚSTRIAS DE TRANSFORMAÇÃO;COMÉRCIO E REPARAÇÃO DE VEÍCULOS AUTOMOTORES E MOTOCICLETAS;DEMAIS SERVIÇOS
2021;3532207;36387.629;301693.831;176032.074;41936.442;556049.976;639075.516;129106.16;INDÚSTRIAS DE TRANSFORMAÇÃO;DEMAIS SERVIÇOS;ADMINISTRAÇÃO, DEFESA, EDUCAÇÃO E SAÚDE PÚBLICAS E SEGURIDADE SOCIAL
2021;3534401;1392.36;4963982.431;58664575.895;3286922.853;66916873.54;86111259.991;122765.64;DEMAIS SERVIÇOS;COMÉRCIO E REPARAÇÃO DE VEÍCULOS AUTOMOTORES E MOTOCICLETAS;INDÚSTRIAS DE TRANSFORMAÇÃO
2021;3536505;18366.625;26746711.487;16124529.315;1228455.565;44118062.99;52389436.509;457517.7;INDÚSTRIAS DE TRANSFORMAÇÃO;DEMAIS SERVIÇOS;COMÉRCIO E REPARAÇÃO DE VEÍCULOS AUTOMOTORES E MOTOCICLETAS
2021;3541802;101587.799;314269.632;163503.105;28491.176;607851.712;684733.345;194914.13;INDÚSTRIAS DE TRANSFORMAÇÃO;DEMAIS SERVIÇOS;PECUÁRIA, INCLUSIVE APOIO À PECUÁRIA
2021;3546702;11776.002;2307247.556;723287.443;164236.196;3206547.198;3895817.986;139885.74;INDÚSTRIAS DE TRANSFORMAÇÃO;DEMAIS SERVIÇOS;ELETRICIDADE E GÁS, ÁGUA, ESGOTO, ATIVIDADES DE GESTÃO DE RESÍDUOS E DESCONTAMINAÇÃO
2021;3550704;15863.894;9764264.038;5075980.831;695835.071;15551943.835;16008645.421;174696.31;INDÚSTRIAS EXTRATIVAS;DEMAIS SERVIÇOS;ADMINISTRAÇÃO, DEFESA, EDUCAÇÃO E SAÚDE PÚBLICAS E SEGURIDADE SOCIAL
2021;3556701;14330.505;3476251.858;5428696.996;554172.339;9473451.699;12557908.972;154054.53;DEMAIS SERVIÇOS;INDÚSTRIAS DE TRANSFORMAÇÃO;COMÉRCIO E REPARAÇÃO DE VEÍCULOS AUTOMOTORES E MOTOCICLETAS
2021;4101804;239812.779;14216619.559;6296603.237;1071309.49;21824345.065;25266761.323;170121.34;INDÚSTRIAS DE TRANSFORMAÇÃO;DEMAIS SERVIÇOS;COMÉRCIO E REPARAÇÃO DE VEÍCULOS AUTOMOTORES E MOTOCICLETAS
2021;4117305;352475.155;1584559.429;434562.281;131231.571;2502828.437;2726429.788;125163.19;INDÚSTRIAS DE TRANSFORMAÇÃO;DEMAIS SERVIÇOS;AGRICULTURA, INCLUSIVE APOIO À AGRICULTURA E A PÓS COLHEITA
2021;4126272;53837.859;631298.944;42754.328;46562.242;774453.373;786318.103;140967.75;ELETRICIDADE E GÁS, ÁGUA, ESGOTO, ATIVIDADES DE GESTÃO DE RESÍDUOS E DESCONTAMINAÇÃO;ADMINISTRAÇÃO, DEFESA, EDUCAÇÃO E SAÚDE PÚBLICAS E SEGURIDADE SOCIAL;PECUÁRIA, INCLUSIVE APOIO À PECUÁRIA
2021;4201307;101623.922;2605744.841;2001887.656;244247.013;4953503.432;7487999.648;183125.45;INDÚSTRIAS DE TRANSFORMAÇÃO;DEMAIS SERVIÇOS;COMÉRCIO E REPARAÇÃO DE VEÍCULOS AUTOMOTORES E MOTOCICLETAS
2021;4208203;101269.868;3907277.644;20856461.199;1633111.984;26498120.695;47757206.618;210739.74;COMÉRCIO E REPARAÇÃO DE VEÍCULOS AUTOMOTORES E MOTOCICLETAS;DEMAIS SERVIÇOS;INDÚSTRIAS DE TRANSFORMAÇÃO
2021;4213104;37414.861;620211.461;98281.08;33491.878;789399.28;801158.678;220280.09;ELETRICIDADE E GÁS, ÁGUA, ESGOTO, ATIVIDADES DE GESTÃO DE RESÍDUOS E DESCONTAMINAÇÃO;DEMAIS SERVIÇOS;ADMINISTRAÇÃO, DEFESA, EDUCAÇÃO E SAÚDE PÚBLICAS E SEGURIDADE SOCIAL
2021;4216206;37017.877;3145501.912;3223222.287;361017.458;6766759.535;8516614.709;155551.77;INDÚSTRIAS DE TRANSFORMAÇÃO;DEMAIS SERVIÇOS;COMÉRCIO E REPARAÇÃO DE VEÍCULOS AUTOMOTORES E MOTOCICLETAS
2021;4219176;49496.537;290997.529;103029.037;32861.428;476384.531;539920.021;122403.09;INDÚSTRIAS DE TRANSFORMAÇÃO;DEMAIS SERVIÇOS;ADMINISTRAÇÃO, DEFESA, EDUCAÇÃO E SAÚDE PÚBLICAS E SEGURIDADE SOCIAL
2021;4300059;158098.364;24609.448;266705.759;28221.107;477634.678;547412.925;146445.41;COMÉRCIO E REPARAÇÃO DE VEÍCULOS AUTOMOTORES E MOTOCICLETAS;AGRICULTURA, INCLUSIVE APOIO À AGRICULTURA E A PÓS COLHEITA;DEMAIS SERVIÇOS
2021;4300471;156681.866;28161.484;52314.033;19604.688;256762.07;276411.847;142848.5;AGRICULTURA, INCLUSIVE APOIO À AGRICULTURA E A PÓS COLHEITA;DEMAIS SERVIÇOS;PECUÁRIA, INCLUSIVE APOIO À PECUÁRIA
2021;4300661;137604.638;5517.474;29133.972;14485.068;186741.153;193089.736;142923.56;AGRICULTURA, INCLUSIVE APOIO À AGRICULTURA E A PÓS COLHEITA;DEMAIS SERVIÇOS;ADMINISTRAÇÃO, DEFESA, EDUCAÇÃO E SAÚDE PÚBLICAS E SEGURIDADE SOCIAL
2021;4300901;113658.622;698597.243;64230.438;53001.675;929487.976;946971.906;154104.46;ELETRICIDADE E GÁS, ÁGUA, ESGOTO, ATIVIDADES DE GESTÃO DE RESÍDUOS E DESCONTAMINAÇÃO;PECUÁRIA, INCLUSIVE APOIO À PECUÁRIA;ADMINISTRAÇÃO, DEFESA, EDUCAÇÃO E SAÚDE PÚBLICAS E SEGURIDADE SOCIAL
2021;4302220;331893.705;10627.063;81629.873;25043.335;449193.976;468751.666;190085.83;AGRICULTURA, INCLUSIVE APOIO À AGRICULTURA E A PÓS COLHEITA;DEMAIS SERVIÇOS;COMÉRCIO E REPARAÇÃO DE VEÍCULOS AUTOMOTORES E MOTOCICLETAS
2021;4302238;273985.921;9127.771;60471.121;27161.813;370746.626;384173.957;146184.92;AGRICULTURA, INCLUSIVE APOIO À AGRICULTURA E A PÓS COLHEITA;DEMAIS SERVIÇOS;ADMINISTRAÇÃO, DEFESA, EDUCAÇÃO E SAÚDE PÚBLICAS E SEGURIDADE SOCIAL
2021;4303558;92101.532;239339.891;101304.984;23645.274;456391.681;520482.605;189266.4;INDÚSTRIAS DE TRANSFORMAÇÃO;DEMAIS SERVIÇOS;PECUÁRIA, INCLUSIVE APOIO À PECUÁRIA
2021;4304358;130044.317;2351042.258;118675.29;83194.197;2682956.063;2744010.195;282683.65;ELETRICIDADE E GÁS, ÁGUA, ESGOTO, ATIVIDADES DE GESTÃO DE RESÍDUOS E DESCONTAMINAÇÃO;AGRICULTURA, INCLUSIVE APOIO À AGRICULTURA E A PÓS COLHEITA;DEMAIS SERVIÇOS
2021;4304622;239236.09;14393.209;55520.333;19330.339;328479.971;342053.357;210106.48;AGRICULTURA, INCLUSIVE APOIO À AGRICULTURA E A PÓS COLHEITA;DEMAIS SERVIÇOS;COMÉRCIO E REPARAÇÃO DE VEÍCULOS AUTOMOTORES E MOTOCICLETAS
2021;4304655;456954.147;15373.318;112277.634;31879.394;616484.493;644965.498;172220.43;AGRICULTURA, INCLUSIVE APOIO À AGRICULTURA E A PÓS COLHEITA;DEMAIS SERVIÇOS;COMÉRCIO E REPARAÇÃO DE VEÍCULOS AUTOMOTORES E MOTOCICLETAS
2021;4305975;297297.885;18741.67;64408.833;27602.863;408051.251;422465.072;154692.45;AGRICULTURA, INCLUSIVE APOIO À AGRICULTURA E A PÓS COLHEITA;DEMAIS SERVIÇOS;PECUÁRIA, INCLUSIVE APOIO À PECUÁRIA
2021;4307831;262515.136;24038.483;76348.709;23052.394;385954.723;405443.863;175516.82;AGRICULTURA, INCLUSIVE APOIO À AGRICULTURA E A PÓS COLHEITA;DEMAIS SERVIÇOS;COMÉRCIO E REPARAÇÃO DE VEÍCULOS AUTOMOTORES E MOTOCICLETAS
2021;4308458;326662.846;14527.517;150492.87;38229.501;529912.734;564772.879;132825.23;AGRICULTURA, INCLUSIVE APOIO À AGRICULTURA E A PÓS COLHEITA;COMÉRCIO E REPARAÇÃO DE VEÍCULOS AUTOMOTORES E MOTOCICLETAS;DEMAIS SERVIÇOS
2021;4309605;133348.425;1183861.988;536138.392;138631.55;1991980.355;2608198.333;134125.18;INDÚSTRIAS DE TRANSFORMAÇÃO;DEMAIS SERVIÇOS;ADMINISTRAÇÃO, DEFESA, EDUCAÇÃO E SAÚDE PÚBLICAS E SEGURIDADE SOCIAL
2021;4310363;37061.447;321418.627;73120.124;24048.026;455648.225;519189.71;167318.63;INDÚSTRIAS DE TRANSFORMAÇÃO;DEMAIS SERVIÇOS;PECUÁRIA, INCLUSIVE APOIO À PECUÁRIA
2021;4311130;377841.108;11495.683;46620.736;26345.347;462302.874;469005.939;135082.36;AGRICULTURA, INCLUSIVE APOIO À AGRICULTURA E A PÓS COLHEITA;DEMAIS SERVIÇOS;ADMINISTRAÇÃO, DEFESA, EDUCAÇÃO E SAÚDE PÚBLICAS E SEGURIDADE SOCIAL
2021;4311718;445452.267;16905.249;66429.02;39318.388;568104.924;582042.535;128231.45;AGRICULTURA, INCLUSIVE APOIO À AGRICULTURA E A PÓS COLHEITA;DEMAIS SERVIÇOS;ADMINISTRAÇÃO, DEFESA, EDUCAÇÃO E SAÚDE PÚBLICAS E SEGURIDADE SOCIAL
2021;4312617;677494.173;180344.057;168323.051;29915.697;1056076.979;1122085.559;352413.81;AGRICULTURA, INCLUSIVE APOIO À AGRICULTURA E A PÓS COLHEITA;INDÚSTRIAS DE TRANSFORMAÇÃO;DEMAIS SERVIÇOS
2021;4312658;214105.467;907580.574;622861.113;113869.081;1858416.236;2207534.783;123422.5;INDÚSTRIAS DE TRANSFORMAÇÃO;DEMAIS SERVIÇOS;COMÉRCIO E REPARAÇÃO DE VEÍCULOS AUTOMOTORES E MOTOCICLETAS
2021;4313334;160982.261;34708.368;64640.619;20333.058;280664.306;304678.132;138805.53;AGRICULTURA, INCLUSIVE APOIO À AGRICULTURA E A PÓS COLHEITA;DEMAIS SERVIÇOS;INDÚSTRIAS DE TRANSFORMAÇÃO
2021;4314175;306315.446;9382.279;40636.35;22858.702;379192.777;386190.228;200306.14;AGRICULTURA, INCLUSIVE APOIO À AGRICULTURA E A PÓS COLHEITA;DEMAIS SERVIÇOS;PECUÁRIA, INCLUSIVE APOIO À PECUÁRIA
2021;4314464;84947.004;147783.774;21729.135;25846.925;280306.839;304724.814;160719.84;ELETRICIDADE E GÁS, ÁGUA, ESGOTO, ATIVIDADES DE GESTÃO DE RESÍDUOS E DESCONTAMINAÇÃO;AGRICULTURA, INCLUSIVE APOIO À AGRICULTURA E A PÓS COLHEITA;ADMINISTRAÇÃO, DEFESA, EDUCAÇÃO E SAÚDE PÚBLICAS E SEGURIDADE SOCIAL
2021;4314472;164251.026;654427.424;61969.484;36279.806;916927.74;931834.039;216252.97;ELETRICIDADE E GÁS, ÁGUA, ESGOTO, ATIVIDADES DE GESTÃO DE RESÍDUOS E DESCONTAMINAÇÃO;AGRICULTURA, INCLUSIVE APOIO À AGRICULTURA E A PÓS COLHEITA;ADMINISTRAÇÃO, DEFESA, EDUCAÇÃO E SAÚDE PÚBLICAS E SEGURIDADE SOCIAL
2021;4316709;703242.055;52270.539;404252.949;58478.134;1218243.676;1336030.058;171000.9;AGRICULTURA, INCLUSIVE APOIO À AGRICULTURA E A PÓS COLHEITA;COMÉRCIO E REPARAÇÃO DE VEÍCULOS AUTOMOTORES E MOTOCICLETAS;DEMAIS SERVIÇOS
2021;4316972;241653.95;13717.933;62355.88;24803.663;342531.426;361015.792;139227.07;AGRICULTURA, INCLUSIVE APOIO À AGRICULTURA E A PÓS COLHEITA;DEMAIS SERVIÇOS;COMÉRCIO E REPARAÇÃO DE VEÍCULOS AUTOMOTORES E MOTOCICLETAS
2021;4322004;186213.314;7196781.409;2420609.341;318807.316;10122411.38;12982403.916;430465.33;INDÚSTRIAS DE TRANSFORMAÇÃO;DEMAIS SERVIÇOS;ADMINISTRAÇÃO, DEFESA, EDUCAÇÃO E SAÚDE PÚBLICAS E SEGURIDADE SOCIAL
2021;5005251;638470.226;33781.0;241899.502;65631.55;979782.278;1097291.727;146383.63;AGRICULTURA, INCLUSIVE APOIO À AGRICULTURA E A PÓS COLHEITA;DEMAIS SERVIÇOS;COMÉRCIO E REPARAÇÃO DE VEÍCULOS AUTOMOTORES E MOTOCICLETAS
2021;5006275;602118.356;479839.255;101986.005;57598.973;1241542.59;1296593.635;225455.34;AGRICULTURA, INCLUSIVE APOIO À AGRICULTURA E A PÓS COLHEITA;INDÚSTRIAS DE TRANSFORMAÇÃO;DEMAIS SERVIÇOS
2021;5007802;320151.038;1242519.506;51818.028;79465.247;1693953.819;1721432.233;262613.61;ELETRICIDADE E GÁS, ÁGUA, ESGOTO, ATIVIDADES DE GESTÃO DE RESÍDUOS E DESCONTAMINAÇÃO;PRODUÇÃO FLORESTAL, PESCA E AQUICULTURA;ADMINISTRAÇÃO, DEFESA, EDUCAÇÃO E SAÚDE PÚBLICAS E SEGURIDADE SOCIAL
2021;5102637;3914049.586;611562.29;1603395.381;296085.248;6425092.503;6910184.615;187181.64;AGRICULTURA, INCLUSIVE APOIO À AGRICULTURA E A PÓS COLHEITA;COMÉRCIO E REPARAÇÃO DE VEÍCULOS AUTOMOTORES E MOTOCICLETAS;DEMAIS SERVIÇOS
2021;5102686;2203536.164;452791.194;418801.533;77462.743;3152591.634;3302451.395;455824.9;AGRICULTURA, INCLUSIVE APOIO À AGRICULTURA E A PÓS COLHEITA;DEMAIS SERVIÇOS;INDÚSTRIAS DE TRANSFORMAÇÃO
2021;5102702;1549542.458;82114.862;896012.607;167661.45;2695331.377;2931363.028;132634.86;AGRICULTURA, INCLUSIVE APOIO À AGRICULTURA E A PÓS COLHEITA;COMÉRCIO E REPARAÇÃO DE VEÍCULOS AUTOMOTORES E MOTOCICLETAS;DEMAIS SERVIÇOS
2021;5103502;4006059.148;328694.626;944443.028;180516.721;5459713.523;5746756.34;257575.02;AGRICULTURA, INCLUSIVE APOIO À AGRICULTURA E A PÓS COLHEITA;DEMAIS SERVIÇOS;COMÉRCIO E REPARAÇÃO DE VEÍCULOS AUTOMOTORES E MOTOCICLETAS
2021;5103858;970654.674;29119.897;166012.287;65705.396;1231492.255;1290849.503;163130.23;AGRICULTURA, INCLUSIVE APOIO À AGRICULTURA E A PÓS COLHEITA;DEMAIS SERVIÇOS;ADMINISTRAÇÃO, DEFESA, EDUCAÇÃO E SAÚDE PÚBLICAS E SEGURIDADE SOCIAL
2021;5104526;1367636.452;42407.406;346302.933;68500.23;1824847.021;1924820.841;235250.65;AGRICULTURA, INCLUSIVE APOIO À AGRICULTURA E A PÓS COLHEITA;COMÉRCIO E REPARAÇÃO DE VEÍCULOS AUTOMOTORES E MOTOCICLETAS;DEMAIS SERVIÇOS
2021;5104609;1265968.421;404165.302;258684.691;120601.125;2049419.537;2144680.075;156238.08;AGRICULTURA, INCLUSIVE APOIO À AGRICULTURA E A PÓS COLHEITA;ELETRICIDADE E GÁS, ÁGUA, ESGOTO, ATIVIDADES DE GESTÃO DE RESÍDUOS E DESCONTAMINAÇÃO;DEMAIS SERVIÇOS
2021;5106224;2572710.307;996678.655;1580127.176;360404.137;5509920.274;6036492.186;125181.29;AGRICULTURA, INCLUSIVE APOIO À AGRICULTURA E A PÓS COLHEITA;DEMAIS SERVIÇOS;INDÚSTRIAS DE TRANSFORMAÇÃO
2021;5106240;2465115.066;91085.671;454584.737;104701.321;3115486.795;3270099.963;261775.53;AGRICULTURA, INCLUSIVE APOIO À AGRICULTURA E A PÓS COLHEITA;DEMAIS SERVIÇOS;COMÉRCIO E REPARAÇÃO DE VEÍCULOS AUTOMOTORES E MOTOCICLETAS
2021;5106281;676016.635;22098.68;81492.621;47981.098;827589.034;862982.632;178412.78;AGRICULTURA, INCLUSIVE APOIO À AGRICULTURA E A PÓS COLHEITA;DEMAIS SERVIÇOS;PECUÁRIA, INCLUSIVE APOIO À PECUÁRIA
2021;5106802;1050259.595;32985.351;134046.619;48416.397;1265707.963;1318753.153;246772.67;AGRICULTURA, INCLUSIVE APOIO À AGRICULTURA E A PÓS COLHEITA;DEMAIS SERVIÇOS;ADMINISTRAÇÃO, DEFESA, EDUCAÇÃO E SAÚDE PÚBLICAS E SEGURIDADE SOCIAL
2021;5107065;2209267.114;221937.854;1319710.321;168015.335;3918930.624;4259260.961;231657.84;AGRICULTURA, INCLUSIVE APOIO À AGRICULTURA E A PÓS COLHEITA;COMÉRCIO E REPARAÇÃO DE VEÍCULOS AUTOMOTORES E MOTOCICLETAS;DEMAIS SERVIÇOS
2021;5107248;657556.298;30498.012;239202.546;40129.497;967386.353;1032284.899;224409.76;AGRICULTURA, INCLUSIVE APOIO À AGRICULTURA E A PÓS COLHEITA;COMÉRCIO E REPARAÇÃO DE VEÍCULOS AUTOMOTORES E MOTOCICLETAS;DEMAIS SERVIÇOS
2021;5107354;710339.816;18727.015;117694.735;48286.144;895047.71;934646.094;165541.28;AGRICULTURA, INCLUSIVE APOIO À AGRICULTURA E A PÓS COLHEITA;DEMAIS SERVIÇOS;PECUÁRIA, INCLUSIVE APOIO À PECUÁRIA
2021;5107768;985892.411;25157.961;138703.24;38653.196;1188406.808;1236019.042;343147.98;AGRICULTURA, INCLUSIVE APOIO À AGRICULTURA E A PÓS COLHEITA;DEMAIS SERVIÇOS;COMÉRCIO E REPARAÇÃO DE VEÍCULOS AUTOMOTORES E MOTOCICLETAS
2021;5107792;852008.107;21975.876;68954.579;44009.969;986948.532;1019937.728;186836.0;AGRICULTURA, INCLUSIVE APOIO À AGRICULTURA E A PÓS COLHEITA;DEMAIS SERVIÇOS;ADMINISTRAÇÃO, DEFESA, EDUCAÇÃO E SAÚDE PÚBLICAS E SEGURIDADE SOCIAL
2021;5107859;1054200.522;32645.911;348939.897;97586.851;1533373.18;1622829.696;135983.72;AGRICULTURA, INCLUSIVE APOIO À AGRICULTURA E A PÓS COLHEITA;COMÉRCIO E REPARAÇÃO DE VEÍCULOS AUTOMOTORES E MOTOCICLETAS;DEMAIS SERVIÇOS
2021;5107875;5004238.725;354854.612;1047191.404;224632.452;6630917.194;6978522.133;253902.93;AGRICULTURA, INCLUSIVE APOIO À AGRICULTURA E A PÓS COLHEITA;DEMAIS SERVIÇOS;COMÉRCIO E REPARAÇÃO DE VEÍCULOS AUTOMOTORES E MOTOCICLETAS
2021;5107925;4271404.262;1690560.855;4601812.063;689452.5;11253229.681;12522102.139;131893.51;AGRICULTURA, INCLUSIVE APOIO À AGRICULTURA E A PÓS COLHEITA;COMÉRCIO E REPARAÇÃO DE VEÍCULOS AUTOMOTORES E MOTOCICLETAS;DEMAIS SERVIÇOS
2021;5107941;1044249.832;32692.658;119646.063;71487.736;1268076.29;1319769.912;141046.27;AGRICULTURA, INCLUSIVE APOIO À AGRICULTURA E A PÓS COLHEITA;DEMAIS SERVIÇOS;ADMINISTRAÇÃO, DEFESA, EDUCAÇÃO E SAÚDE PÚBLICAS E SEGURIDADE SOCIAL
2021;5108006;1400410.525;53347.796;340459.3;103032.254;1897249.875;2007622.954;139612.17;AGRICULTURA, INCLUSIVE APOIO À AGRICULTURA E A PÓS COLHEITA;DEMAIS SERVIÇOS;COMÉRCIO E REPARAÇÃO DE VEÍCULOS AUTOMOTORES E MOTOCICLETAS
2021;5108303;394219.851;14029.711;45264.975;29990.481;483505.018;504201.832;145933.96;AGRICULTURA, INCLUSIVE APOIO À AGRICULTURA E A PÓS COLHEITA;DEMAIS SERVIÇOS;ADMINISTRAÇÃO, DEFESA, EDUCAÇÃO E SAÚDE PÚBLICAS E SEGURIDADE SOCIAL
2021;5108857;63057.1;220418.046;67703.249;31424.573;382602.967;422820.351;126896.86;INDÚSTRIAS DE TRANSFORMAÇÃO;DEMAIS SERVIÇOS;AGRICULTURA, INCLUSIVE APOIO À AGRICULTURA E A PÓS COLHEITA
2021;5108907;932442.326;30039.461;126765.974;66946.58;1156194.341;1204704.173;133028.29;AGRICULTURA, INCLUSIVE APOIO À AGRICULTURA E A PÓS COLHEITA;DEMAIS SERVIÇOS;ADMINISTRAÇÃO, DEFESA, EDUCAÇÃO E SAÚDE PÚBLICAS E SEGURIDADE SOCIAL
2021;5200555;22507.356;859699.765;224657.453;79589.071;1186453.646;1280308.333;188391.46;INDÚSTRIAS EXTRATIVAS;DEMAIS SERVIÇOS;ADMINISTRAÇÃO, DEFESA, EDUCAÇÃO E SAÚDE PÚBLICAS E SEGURIDADE SOCIAL
2021;5203203;45848.357;1064606.003;247966.134;85847.533;1444268.026;1573640.546;135157.65;INDÚSTRIAS DE TRANSFORMAÇÃO;DEMAIS SERVIÇOS;ADMINISTRAÇÃO, DEFESA, EDUCAÇÃO E SAÚDE PÚBLICAS E SEGURIDADE SOCIAL
2021;5205471;859977.412;624394.952;447794.511;76653.366;2008820.241;2188780.243;202721.15;AGRICULTURA, INCLUSIVE APOIO À AGRICULTURA E A PÓS COLHEITA;INDÚSTRIAS DE TRANSFORMAÇÃO;DEMAIS SERVIÇOS
2021;5206909;34945.151;508937.333;13892.495;22545.783;580320.761;583107.489;278465.85;ELETRICIDADE E GÁS, ÁGUA, ESGOTO, ATIVIDADES DE GESTÃO DE RESÍDUOS E DESCONTAMINAÇÃO;ADMINISTRAÇÃO, DEFESA, EDUCAÇÃO E SAÚDE PÚBLICAS E SEGURIDADE SOCIAL;AGRICULTURA, INCLUSIVE APOIO À AGRICULTURA E A PÓS COLHEITA
2021;5216403;931583.288;192138.134;275167.195;70282.498;1469171.115;1559971.186;141970.44;AGRICULTURA, INCLUSIVE APOIO À AGRICULTURA E A PÓS COLHEITA;DEMAIS SERVIÇOS;INDÚSTRIAS DE TRANSFORMAÇÃO
2021;5216452;316245.12;227875.072;96848.199;33188.897;674157.288;708422.554;224468.49;AGRICULTURA, INCLUSIVE APOIO À AGRICULTURA E A PÓS COLHEITA;INDÚSTRIAS DE TRANSFORMAÇÃO;DEMAIS SERVIÇOS
