nome_municipio;id_municipio;frota_pesada;pct_diesel
Abadia dos Dourados;3100104;325;0.44586417418553137
Alpinópolis;3101904;832;0.36743515850144093
Andradas;3102605;1605;0.3059243230598281
Araújos;3103900;213;0.6606990053223447
Areado;3104304;465;0.27342309791024527
Barão de Cocais;3105400;1059;0.7362625557286351
Bom Jardim de Minas;3107505;225;0.3629540276102399
Buenópolis;3109204;232;0.45774647887323944
Buritizeiro;3109402;707;0.8178786052798723
Cambuquira;3110707;361;0.2738202584911332
Campos Altos;3111507;731;0.5881932021466905
Cana Verde;3111903;183;0.316505955757232
Capim Branco;3112505;275;0.6362610744267844
Carmo do Rio Claro;3114402;755;0.6138975137683295
Carrancas;3114600;117;0.32897196261682243
Casa Grande;3114907;69;0.6382978723404256
Cataguases;3115300;1456;0.21252894150539514
Cedro do Abaeté;3115607;26;0.3475409836065574
Central de Minas;3115706;203;0.2955856701999195
Cipotânea;3116308;119;0.25984251968503935
Claro dos Poções;3116506;151;0.8452765857386397
Comercinho;3117009;83;0.2686390532544379
Conselheiro Pena;3118403;404;0.38659554176419375
Coronel Pacheco;3119609;56;0.2594430658946788
Cristina;3120508;189;0.38564885496183204
Cruzeiro da Fortaleza;3120706;181;0.6796326895468212
Cuparaque;3120839;103;0.26440677966101694
Córrego Fundo;3119955;603;0.7568343150581484
Desterro do Melo;3121506;135;0.3068340306834031
Divino;3122009;496;0.20947429412502133
Divisa Nova;3122405;242;0.3093078758949881
Elói Mendes;3123601;1093;0.42390645300996105
Engenheiro Caldas;3123700;260;0.6216143618211936
Estrela do Indaiá;3124708;76;0.4326923076923077
Felisburgo;3125606;53;0.27249789739276703
Ferros;3125903;264;0.4470588235294118
Fronteira dos Vales;3127057;27;0.2602739726027397
Funilândia;3127206;135;0.3782467532467532
Gonçalves;3127404;137;0.292743953294412
Governador Valadares;3127701;5321;0.5263005944317952
Ibiracatu;3129657;45;0.2795918367346939
Ijaci;3130408;652;0.8970776255707763
Itaobim;3133303;464;0.7692426896328264
Itaú de Minas;3133758;903;0.6359304549801885
Itumirim;3134301;150;0.4142194744976816
Janaúba;3135100;1375;0.33406717575697664
Januária;3135209;797;0.3183429370741722
Japaraíba;3135308;226;0.40789055042952593
Joanésia;3136108;64;0.3384853168469861
Lambari;3137809;745;0.22952301487971075
Laranjal;3138005;485;0.39764150943396226
Leme do Prado;3138351;81;0.4717730496453901
Martinho Campos;3140506;1210;0.7040382721260728
Materlândia;3140605;47;0.2670807453416149
Medeiros;3141306;161;0.49722735674676527
Mercês;3141603;341;0.4344391785150079
Mirabela;3142007;706;0.4322220363783337
Moema;3142403;408;0.6256507282558803
Morro da Garça;3143609;81;0.5587892898719441
Natalândia;3144375;83;0.4990351215746816
Nova União;3136603;319;0.7335853036828689
Novorizonte;3145372;150;0.3936269915651359
Olaria;3145406;56;0.4282744282744283
Ouro Fino;3146008;1176;0.26396510682741303
Ouro Verde de Minas;3146206;71;0.08932211570075671
Palma;3146701;142;0.30529054640069386
Pimenta;3150505;420;0.6285211267605634
Pratinha;3153004;180;0.5890119250425895
Presidente Kubitschek;3153301;62;0.35355029585798814
Raul Soares;3154002;579;0.3087885985748218
Riachinho;3154457;177;0.4659559834938102
Rio Doce;3155009;61;0.48333333333333334
Rio Espera;3155207;87;0.24396782841823056
Rio Manso;3155306;247;0.8251062986617768
Rio Paranaíba;3155504;824;0.6459490186129981
Santa Helena de Minas;3157658;36;0.23549107142857142
Santa Rosa da Serra;3159704;136;0.31012319228709156
Santana do Garambéu;3158706;49;0.4729241877256318
Santana dos Montes;3159100;79;0.35392320534223703
Santo Antônio do Itambé;3160207;47;0.2878787878787879
Senador Modestino Gonçalves;3165909;79;0.367003367003367
Senhora do Porto;3166105;59;0.39197707736389686
Senhora dos Remédios;3166204;307;0.2869034406215316
Seritinga;3166402;40;0.34216177523264135
Serranos;3167004;48;0.3312883435582822
Setubinha;3165552;129;0.49496945742005033
São Domingos do Prata;3161007;582;0.48595056587793856
São Francisco de Paula;3161205;180;0.33725490196078434
São Francisco de Sales;3161304;147;0.3687140471330488
São Geraldo do Baixio;3161650;38;0.4024896265560166
São João da Ponte;3162401;204;0.44528378930175583
São Sebastião da Bela Vista;3164407;226;0.8662181557526988
São Sebastião do Anta;3164472;122;0.3008985164031483
Taiobeiras;3168002;1973;0.3523609951314815
Tiros;3168903;335;0.5531559831157358
Tocos do Moji;3169059;106;0.42231075697211157
Turvolândia;3169802;243;0.49265536723163844
Uberlândia;3170206;22385;0.4967166324051288
Vermelho Novo;3171154;208;0.2127659574468085
Virginópolis;3171808;259;0.4610011641443539
Águas Vermelhas;3101003;230;0.9163195350896111
Aracruz;3200607;3614;0.7754569430149482
Domingos Martins;3201902;2042;0.7570564625187974
Governador Lindenberg;3202256;506;0.33492394870265435
Jerônimo Monteiro;3203106;211;0.4057247503888415
Marataízes;3203320;1295;0.2917514124293785
Pancas;3204005;494;0.3741126718018426
Rio Novo do Sul;3204401;598;0.5656849768365321
Santa Maria de Jetibá;3204559;4419;0.7237057832678271
São Mateus;3204906;2643;0.49751933992057645
Angra dos Reis;3300100;2240;0.41177622805184355
Itaperuna;3302205;1486;0.443013035634516
Mendes;3302809;379;0.22610015174506828
Nilópolis;3303203;1101;0.25521639526964274
Nova Friburgo;3303401;4750;0.27989310344844265
Silva Jardim;3305604;511;0.3108890057864282
Altinópolis;3501004;762;0.4252315685135181
Analândia;3502002;237;0.7331224375123542
Anhembi;3502309;193;0.5904129093497864
Aparecida d'Oeste;3502606;177;0.27399562951756595
Ariranha;3503703;574;0.23363148479427548
Bariri;3505203;1424;0.5538483538349667
Barra do Turvo;3505401;206;0.761072658990037
Birigui;3506508;2847;0.16321657914654225
Cafelândia;3508801;621;0.6529805824345303
Caiuá;3509106;125;0.40643863179074446
Cananéia;3509908;148;0.26445389584124923
Canas;3509957;180;0.7891974522292994
Cândido Mota;3510005;1611;0.600275288670759
Dumont;3514601;604;0.3409232688708671
Franca;3516200;6440;0.2266115833639168
Gastão Vidigal;3516804;168;0.26147704590818366
Guapiara;3517604;586;0.2546916890080429
Guariba;3518602;1537;0.5968742080374426
Gália;3516606;309;0.4644261708973901
Ibaté;3519303;1626;0.539738003433701
Igarapava;3520103;914;0.6663108302375564
Iracemápolis;3521408;1325;0.7583620284043743
Itapecerica da Serra;3522208;4604;0.6595927105467309
Itatiba;3523404;3782;0.3670277053376594
Itatinga;3523503;654;0.33810260376385665
Itobi;3523800;404;0.298050139275766
Jaborandi;3524204;375;0.33226837060702874
Joanópolis;3525508;629;0.23620594205572984
Lindóia;3527009;302;0.38284404498553287
Lorena;3527207;1467;0.531759071372787
Luís Antônio;3527603;712;0.8895590376574627
Mococa;3530508;2474;0.4471590934058871
Mongaguá;3531100;999;0.1327475818603575
Monte Alto;3531308;2182;0.3201465201465201
Nova Guataporanga;3533106;90;0.2659846547314578
Nova Odessa;3533403;1595;0.5721937781589655
Novo Horizonte;3533502;2106;0.7405612269676455
Osasco;3534401;16877;0.28750875807954795
Osvaldo Cruz;3534609;1562;0.4087863289947018
Ourinhos;3534708;3999;0.6214690416183757
Paranapanema;3535804;1088;0.6990701682886372
Pedra Bela;3536802;369;0.41095660914726084
Pirassununga;3539301;2401;0.6016657386762346
Potim;3540754;205;0.05410821643286573
Ribeirão Grande;3543253;163;0.17598343685300208
Sabino;3544608;116;0.3792717086834734
Salmourão;3545100;142;0.35670607419486344
Salto de Pirapora;3545308;1379;0.502920897167964
Santa Mercedes;3547106;170;0.48992193871606665
Santa Rosa de Viterbo;3547601;829;0.24885370915584729
Sete Barras;3551801;448;0.22126281705342687
São Carlos;3548906;6029;0.38848620081339696
São José dos Campos;3549904;13108;0.2778624269747401
São Miguel Arcanjo;3550209;1223;0.3342697681387422
Tapiratiba;3553609;609;0.7675441559908951
Taquarituba;3553807;1611;0.904603990493561
Trabiju;3554755;90;0.49696969696969695
Três Fronteiras;3554904;184;0.1874167776298269
Tuiuti;3554953;208;0.2453669384729429
Ubatuba;3555406;1337;0.1669921724821997
Uru;3555901;29;0.29213483146067415
Vera Cruz;3556602;286;0.42709466811751906
Álvares Florence;3501202;119;0.28194993412384717
Álvares Machado;3501301;722;0.6104458671834221
Belo Horizonte;3106200;72894;0.24116197701646724
Carmópolis de Minas;3114501;1274;0.7536118117250348
Santo Antônio do Amparo;3159902;714;0.5562988787336286
São Gonçalo do Pará;3161809;566;0.6335901879563979
Três Corações;3169307;1725;0.3601241407315022
Aimorés;3101102;364;0.2250319863112778
Alagoa;3101300;73;0.2631578947368421
Almenara;3101706;666;0.30665310865775713
Alvorada de Minas;3102407;89;0.511500547645126
Amparo do Serra;3102506;117;0.4829787234042553
Andrelândia;3102803;293;0.4470588235294118
Aricanduva;3104452;75;0.3925650557620818
Açucena;3100500;165;0.3770212765957447
Barbacena;3105608;2875;0.40817963440757193
Belo Oriente;3106309;556;0.8188337189801941
Bertópolis;3106606;29;0.2689393939393939
Bicas;3106903;380;0.35529839543146824
Bonfim;3108107;245;0.37634782608695655
Bonito de Minas;3108255;111;0.3893208916537066
Cachoeira Dourada;3109808;66;0.17
Cachoeira de Minas;3109709;247;0.25651392632524705
Cachoeira de Pajeú;3102704;114;0.8642502414490107
Candeias;3112000;682;0.4351514694951095
Capelinha;3112307;1598;0.46874085837268586
Capetinga;3112406;414;0.26379456706281834
Caraí;3113008;246;0.3088930416620864
Careaçu;3113602;306;0.7849528872535902
Carmésia;3113800;1377;0.4319371727748691
Carvalhos;3114808;134;0.2720510095642933
Coluna;3116803;113;0.27718465796757613
Comendador Gomes;3116902;102;0.7589392370789201
Conceição das Alagoas;3117306;1041;0.8150053088071042
Conquista;3118205;289;0.6760463466540554
Conselheiro Lafaiete;3118304;3839;0.30853752443382626
Couto de Magalhães de Minas;3120102;103;0.2696225284601558
Córrego Danta;3119807;109;0.8910520586291357
Descoberto;3121308;61;0.2396694214876033
Dom Bosco;3122470;75;0.5605060506050605
Dom Viçoso;3122801;71;0.36129032258064514
Dores de Campos;3123007;245;0.27091922061843177
Fernandes Tourinho;3125804;45;0.39308176100628933
Fervedouro;3125952;366;0.6832506716263691
Galiléia;3127305;128;0.4533898305084746
Guapé;3128105;457;0.3026843780268438
Guidoval;3128808;226;0.30100502512562816
Ibirité;3129806;3384;0.3204838051422847
Iguatama;3130309;267;0.8033417970349742
Ipanema;3131208;440;0.37452967826153727
Ipiaçu;3131406;147;0.3370635631154879
Itabirinha;3131802;329;0.3172652804032766
Itamarati de Minas;3132602;145;0.2298507462686567
Itambé do Mato Dentro;3132800;36;0.43564356435643564
Iturama;3134400;2026;0.6262567955499934
Jacutinga;3134905;885;0.3328179358330112
Ladainha;3137007;168;0.24175824175824176
Lagoa dos Patos;3137304;65;0.3965626989178867
Lajinha;3137700;621;0.28054674912946315
Lamim;3137908;69;0.2931975263732266
Leopoldina;3138401;1588;0.526324894683167
Lima Duarte;3138609;417;0.3902027027027027
Maravilhas;3139706;965;0.603477167993297
Maripá de Minas;3140209;126;0.2015369307957745
Marmelópolis;3140407;88;0.2099125364431487
Mata Verde;3140555;150;0.5681362725450901
Monjolos;3142502;22;0.46496815286624205
Monsenhor Paulo;3142601;271;0.19711246200607901
Montalvânia;3142700;386;0.372236958443855
Monte Carmelo;3143104;2566;0.76942099882256
Monte Formoso;3143153;117;0.18974358974358974
Morro do Pilar;3143708;78;0.3839205058717254
Munhoz;3143807;288;0.37774524158125916
Muriaé;3143906;2543;0.4494722162506948
Mutum;3144003;558;0.450869613382076
Nacip Raydan;3144201;24;0.41638225255972694
Naque;3144359;112;0.37401129943502825
Ouro Preto;3146107;2387;0.6656865418616275
Pai Pedro;3146552;68;0.43468715697036225
Paineiras;3146404;134;0.49941792782305006
Pains;3146503;605;0.7273696366705161
Palmópolis;3146750;61;0.18115942028985507
Paraguaçu;3147204;604;0.3785786188846386
Passa Tempo;3147709;491;0.7726682255131203
Pedra do Indaiá;3148905;183;0.6288290838506178
Peçanha;3148608;330;0.3361807660512538
Pintópolis;3150570;92;0.3995594828876687
Piranguinho;3151008;373;0.42404786225010943
Pirapora;3151206;1039;0.5720167852745999
Prados;3152709;263;0.513049782503625
Rio Preto;3155900;651;0.3468599033816425
Rubelita;3156502;60;0.3891402714932127
Sabará;3156700;2383;0.709769709765329
Santa Fé de Minas;3157609;33;0.4976685036032217
Santa Juliana;3157708;1113;0.7926787535333211
Santa Rita de Minas;3159357;228;0.4288554866540847
Santana do Paraíso;3158953;586;0.4044895084260496
Sapucaí-Mirim;3165404;306;0.29705882352941176
Sem-Peixe;3165560;52;0.4428904428904429
Serra dos Aimorés;3166709;159;0.7357290464906492
Serro;3167103;377;0.3007135575942915
Sete Lagoas;3167202;7249;0.602969789109763
Silveirânia;3167301;46;0.0
Simão Pereira;3167509;99;0.4090909090909091
São Francisco;3161106;801;0.33181035867857267
São Gonçalo do Sapucaí;3162005;966;0.8880958576063682
São João da Lagoa;3162252;99;0.23837291020084106
São João do Manhuaçu;3162559;437;0.728183959810327
Tabuleiro;3167905;114;0.40462955393196604
Timóteo;3168705;1795;0.3343659766216162
Tombos;3169208;265;0.20368841178089733
Uberaba;3170107;11350;0.5386298539531181
Varjão de Minas;3170750;348;0.6288499889208952
Varzelândia;3170909;177;0.25312879253292686
Verdelândia;3171030;47;0.39221556886227543
Vieiras;3171402;83;0.18888888888888888
Visconde do Rio Branco;3172004;1985;0.5086247518425613
Água Boa;3100609;190;0.33619246861924684
Águas Formosas;3100906;249;0.3415025734577262
Cariacica;3201308;13624;0.4737582595975579
Guaçuí;3202306;1147;0.38147290412227886
Ibiraçu;3202504;805;0.587624148790138
Mucurici;3203601;158;0.4272030651340996
Muniz Freire;3203700;533;0.3176768107294064
Presidente Kennedy;3204302;612;0.3819459229295295
São Domingos do Norte;3204658;519;0.35616057785803584
São Gabriel da Palha;3204708;1332;0.3363527842145917
Armação dos Búzios;3300233;885;0.2085861202475357
Barra do Piraí;3300308;2270;0.9134821243092143
Duque de Caxias;3301702;18162;0.6567037852740506
Itaboraí;3301900;4896;0.4227160849819264
Itaocara;3302106;641;0.25906554861519554
Maricá;3302700;2611;0.22610908499136934
Niterói;3303302;6897;0.3780242962069832
Paraty;3303807;517;0.3530814803416173
Paty do Alferes;3303856;758;0.3451124914033424
Pinheiral;3303955;885;0.3743860287429507
Porto Real;3304110;457;0.7117501834923601
Rio das Flores;3304508;134;0.3753943217665615
Rio de Janeiro;3304557;88788;0.4503219545833381
Sapucaia;3305406;336;0.8011850217094059
São Fidélis;3304805;616;0.20385018760997684
São José de Ubá;3305133;101;0.2978817299205649
São João de Meriti;3305109;5568;0.41304739532845214
Tanguá;3305752;677;0.7657569212644807
Valença;3306107;786;0.1700570796348915
Vassouras;3306206;897;0.5524794645573471
Alumínio;3501152;479;0.21511941102531873
Américo de Campos;3501806;234;0.30177276390008057
Araçatuba;3502804;6252;0.4784040382278674
Areias;3503505;70;0.2903669724770642
Artur Nogueira;3503802;1724;0.2536532367587144
Bady Bassitt;3504602;859;0.6195444526083762
Bananal;3504909;286;0.2412280701754386
Barão de Antonina;3505005;75;0.11943902746228985
Bilac;3506409;278;0.13918567715853306
Boa Esperança do Sul;3506706;646;0.5228566499913748
Bálsamo;3504800;379;0.6100903298951286
Cabreúva;3508405;1556;0.36880081848042645
Capela do Alto;3510302;933;0.31854555664748
Casa Branca;3510807;929;0.4871686275439471
Castilho;3511003;587;0.7846104548257069
Caçapava;3508504;2462;0.5266348320211983
Cedral;3511300;390;0.4905803507430592
Cordeirópolis;3512407;1532;0.7788715897820441
Duartina;3514502;448;0.3241686896629594
Echaporã;3514700;279;0.4598393574297189
Elisiário;3514924;103;0.33270276661149206
Embu-Guaçu;3515103;2809;0.22553730492250776
Garça;3516705;1210;0.24821838386278536
Guaraci;3517901;485;0.7224716031070689
Guaratinguetá;3518404;2410;0.5388937824369869
Guarujá;3518701;5253;0.386460343368516
Holambra;3519055;831;0.4185140524997681
Iacanga;3519105;496;0.8079080357638696
Iperó;3521002;475;0.39198980689394763
Itapura;3523008;76;0.16760450160771703
Ituverava;3524105;1416;0.41431217897585376
Jaci;3524501;353;0.7408094238395148
Jacupiranga;3524600;1065;0.8950239399366098
Jales;3524808;1886;0.6917727990816813
Jambeiro;3524907;243;0.6263982102908278
Jundiaí;3525904;14326;0.3579969876348853
Laranjal Paulista;3526407;1501;0.2881086000303352
Lençóis Paulista;3526803;3349;0.7409567578737201
Martinópolis;3529203;933;0.45106328170135607
Matão;3529302;3115;0.5585830422140424
Mauá;3529401;8249;0.23805378846363234
Miracatu;3529906;1065;0.7484232869948537
Mombuca;3530904;210;0.3023255813953488
Monte Aprazível;3531407;1224;0.5826407067020782
Nhandeara;3532603;351;0.5558140058376415
Nova Campina;3532827;235;0.5698924731182796
Nova Castilho;3532868;42;0.32883435582822085
Olímpia;3533908;1620;0.4429894877257621
Orlândia;3534302;2204;0.5209676005726138
Oscar Bressane;3534500;100;0.5347730600292826
Pacaembu;3534906;457;0.46916039545521615
Pedreira;3537107;1197;0.2774534029302921
Piedade;3537800;2474;0.6087464449915041
Piquete;3538501;270;0.19995455578277666
Pirangi;3539004;807;0.5127164769915883
Piratininga;3539400;485;0.6520667255621447
Poloni;3539905;314;0.310576385002798
Pontes Gestal;3540309;117;0.9056047197640118
Poá;3539806;1741;0.19090846136939119
Presidente Prudente;3541406;6598;0.38522995778653885
Quadra;3541653;134;0.7712005551700208
Rancharia;3542206;1175;0.29472908121249325
Reginópolis;3542503;193;0.4720139115313553
Ribeirão Corrente;3543105;217;0.29952456418383516
Ribeirão Pires;3543303;4349;0.22465689163950678
Rio Claro;3543907;5648;0.2680771626695148
Santa Albertina;3545704;241;0.8637757494859122
Santa Cruz da Esperança;3546256;99;0.7772165128026476
Santa Fé do Sul;3546603;1140;0.6025495776521652
Santa Rita do Passa Quatro;3547502;879;0.6299368848590167
Santo André;3547809;14473;0.14186368730461218
Santo Antônio do Jardim;3548104;327;0.41045498547918685
Santo Antônio do Pinhal;3548203;262;0.17428427925665493
Santo Expedito;3548302;72;0.27972612152572496
Sebastianópolis do Sul;3551306;456;0.9271405680114444
Serrana;3551504;1483;0.5473407152711985
Severínia;3551900;864;0.4908638989654709
São João da Boa Vista;3549102;3036;0.47456942949407965
São João de Iracema;3549250;51;0.46153846153846156
São Pedro;3550407;1276;0.259916717230151
São Sebastião da Grama;3550803;392;0.380627729429137
Taiaçu;3553104;245;0.22806194274988267
Taiúva;3553203;274;0.31147166361974404
Tambaú;3553302;901;0.6566721324275787
Tanabi;3553401;858;0.596050253610143
Taquaritinga;3553708;2645;0.34075529879861405
Teodoro Sampaio;3554300;961;0.34170911898163553
Turiúba;3555208;63;0.352112676056338
Turmalina;3555307;58;0.29608938547486036
União Paulista;3555703;89;0.2
Valparaíso;3556305;848;0.8411064111481138
Vargem;3556354;580;0.20769991904290727
Vargem Grande Paulista;3556453;1323;0.22523570002274854
Vista Alegre do Alto;3556909;768;0.8909697801528453
Águas de Lindóia;3500501;470;0.28887821282728804
Divinópolis;3122306;5618;0.43037589732444526
Itatiaiuçu;3133709;778;0.9180612472515216
Lavras;3138203;3333;0.41110499550017093
Nova Serrana;3145208;962;0.31510331959729804
Abaeté;3100203;871;0.4229782071025246
Abre Campo;3100302;493;0.4420762272507064
Alvarenga;3102209;83;0.30570902394106814
Alvinópolis;3102308;362;0.33660816844553826
Araguari;3103504;4961;0.5998323378020785
Araxá;3104007;3532;0.5043369329862898
Baependi;3104908;658;0.25537611915320896
Barão do Monte Alto;3105509;92;0.1743119266055046
Belo Vale;3106408;571;0.5229263266357548
Berizal;3106655;85;0.323943661971831
Bom Repouso;3107901;315;0.36247723132969034
Bom Sucesso;3108008;423;0.3345884884346423
Bonfinópolis de Minas;3108206;203;0.7036080095967518
Botumirim;3108503;106;0.38626201507433017
Brasília de Minas;3108602;556;0.3457053150930702
Caeté;3110004;1266;0.3876783665837046
Campina Verde;3111101;523;0.7292622420363846
Canaã;3111705;99;0.25399872040946897
Cantagalo;3112059;80;0.20905349794238684
Caparaó;3112109;115;0.3230088495575221
Capela Nova;3112208;75;0.24422442244224424
Capinópolis;3112604;882;0.725837278367491
Capitão Enéas;3112703;232;0.49045525650107036
Carmo da Mata;3114006;605;0.29232995658465993
Carmo de Minas;3114105;307;0.210880430603614
Catas Altas;3115359;255;0.9419823021955644
Catuji;3115458;148;0.7461367677107198
Chiador;3116209;374;0.25029505936806273
Coimbra;3116704;210;0.33721560130010836
Coromandel;3119302;1575;0.6358692626069526
Coronel Fabriciano;3119401;2491;0.2646157779839741
Cruzília;3120805;591;0.2948397439490589
Delta;3121258;1373;0.8954649469523611
Dom Joaquim;3122603;69;0.42967032967032964
Dona Euzébia;3122900;405;0.26210153482880755
Dores do Indaiá;3123205;384;0.3108317015356075
Dores do Turvo;3123304;167;0.3299319727891156
Entre Folhas;3123858;138;0.3052434456928839
Estiva;3124500;508;0.8267886402601429
Estrela Dalva;3124609;58;0.34789777411376754
Faria Lemos;3125309;41;1.0
Fortaleza de Minas;3126307;137;0.3383742911153119
Frei Inocêncio;3126901;188;0.8956097897802441
Frei Lagonegro;3126950;38;0.2847124824684432
Gouveia;3127602;252;0.4245460237946149
Guaraciaba;3128204;199;0.34782608695652173
Guaxupé;3128709;1505;0.33813634447380225
Iapu;3129301;333;0.29546222272266637
Ipuiúna;3131505;712;0.5646425461166971
Itabirito;3131901;2730;0.7905030595342661
Itambacuri;3132701;343;0.7306660493238735
Itamonte;3133006;505;0.29893878529887885
Itapagipe;3133402;468;0.6752085561497326
Jaguaraçu;3135001;115;0.6374289298774791
Jequitinhonha;3135803;266;0.4465982516153554
Joaíma;3136009;162;0.29172445677300046
Jordânia;3136504;91;0.2083758937691522
João Monlevade;3136207;2782;0.45611523906299056
Juruaia;3136900;303;0.2199819440264821
Liberdade;3138500;227;0.4200913242009132
Machacalis;3138906;76;0.32437385594884716
Madre de Deus de Minas;3139102;246;0.3791411042944785
Malacacheta;3139201;264;0.3637135578828191
Manhumirim;3139508;524;0.23233794610342315
Mar de Espanha;3139805;408;0.2371957864148202
Martins Soares;3140530;264;0.22398072755089637
Matozinhos;3141108;1513;0.5350347235608034
Medina;3141405;337;0.6193108678514764
Moeda;3142304;216;0.26443768996960487
Monte Azul;3142908;276;0.5482319663145627
Montezuma;3143450;150;0.3263888888888889
Muzambinho;3144102;928;0.3694808844687069
Nazareno;3144508;497;0.8171224419327545
Nova Ponte;3145000;936;0.5874736236332246
Papagaios;3146909;1344;0.6493493550932855
Pedras de Maria da Cruz;3149150;103;0.38929263565891475
Pedrinópolis;3149200;126;0.37727420402859
Pedro Leopoldo;3149309;2502;0.5254842444546127
Periquito;3149952;105;0.6933836263527631
Piedade do Rio Grande;3150307;99;0.3843351548269581
Piranguçu;3150901;142;0.32579650565262075
Pirapetinga;3151107;890;0.05358615004122012
Pitangui;3151404;1169;0.5183337900485755
Porto Firme;3152303;257;0.4207166123778502
Poço Fundo;3151701;613;0.39461949194591844
Prudente de Morais;3153608;369;0.35942017505643786
Ressaquinha;3154408;272;0.7353747714808044
Rio Casca;3154903;349;0.6701259021229521
Rio Novo;3155405;326;0.3712072304712718
Rio Vermelho;3156007;214;0.33225058004640373
Sacramento;3156908;1233;0.5405022658610272
Salinas;3157005;1055;0.7175738461520869
Santa Bárbara;3157203;827;0.6696817092847015
Santa Cruz de Minas;3157336;139;0.4601192165767812
Santa Maria do Salto;3158102;38;0.29668411867364747
Santa Rita de Ibitipoca;3159407;113;0.540625
Santa Vitória;3159803;824;0.673502333207214
Santana do Jacaré;3158805;117;0.255107125062282
Santo Antônio do Grama;3160108;85;0.45429864253393665
Santo Antônio do Monte;3160405;974;0.29831964496942137
Santo Antônio do Rio Abaixo;3160504;48;0.4845814977973568
Santo Hipólito;3160603;53;0.5443037974683544
Sarzedo;3165537;2006;0.5734512140431802
Senador Cortes;3165602;49;0.36043956043956044
Sobrália;3167707;73;0.3175775480059084
São Gonçalo do Abaeté;3161700;335;0.8813235232988319
São Gonçalo do Rio Abaixo;3161908;507;0.9161833580043195
São José da Lapa;3162955;2083;0.4924034413326011
São José do Goiabal;3163409;126;0.4894291754756871
São Pedro da União;3163904;212;0.3129034241101617
São Vicente de Minas;3165305;213;0.4982600442897817
Teófilo Otoni;3168606;2432;0.4811257975023075
Turmalina;3169703;836;0.664580918468863
Ubaporanga;3170057;376;0.3167420814479638
Uruana de Minas;3170479;60;0.44190665342601787
Urucuia;3170529;197;0.4716815154210741
Vargem Grande do Rio Pardo;3170651;120;0.35382245033725596
Vazante;3171006;712;0.5910877209109922
Veríssimo;3171105;87;0.42214357937310415
Vespasiano;3171204;2296;0.3291323088455772
Viçosa;3171303;1371;0.19794248884481905
Várzea da Palma;3170800;1085;0.4033239508126955
Afonso Cláudio;3200102;1201;0.3108528740402573
Alegre;3200201;497;0.45862999472893345
Alto Rio Novo;3200359;238;0.315180102915952
Baixo Guandu;3200805;1068;0.5369279737547551
Cachoeiro de Itapemirim;3201209;8842;0.5156660423643442
Divino de São Lourenço;3201803;146;0.4684615384615385
Ibatiba;3202454;1165;0.3277405823989675
Jaguaré;3203056;880;0.4135266848924284
Muqui;3203809;321;0.23994894703254627
Pedro Canário;3204054;1517;0.7308604587643933
Sooretama;3205010;688;0.45342293154136915
Água Doce do Norte;3200169;310;0.42806940478805183
Cachoeiras de Macacu;3300803;1470;0.3410723828751262
Carapebus;3300936;212;0.2593283582089552
Casimiro de Abreu;3301306;1013;0.3780076456037778
Macuco;3302452;285;0.510186326397448
Porciúncula;3304102;138;0.27680311890838205
Rio Claro;3304409;307;0.18088085539714868
Saquarema;3305505;1493;0.22673530887073648
São João da Barra;3305000;1011;0.7280232997538569
Amparo;3501905;2202;0.3694221822025315
Areiópolis;3503604;420;0.24778404512489927
Arujá;3503901;4265;0.3460334357003021
Atibaia;3504107;4646;0.4964962425230714
Barra do Chapéu;3505351;133;0.11559888579387187
Bauru;3506003;9728;0.3251316411008326
Bebedouro;3506102;3616;0.6322034459124105
Bento de Abreu;3506201;99;0.7219578838272012
Biritiba Mirim;3506607;990;0.19012214551248008
Buri;3508009;964;0.3867863321799308
Caconde;3508702;488;0.21577819173535895
Cardoso;3510708;373;0.23405463433676682
Conchal;3512209;1523;0.5225302093902776
Coronel Macedo;3512605;183;0.25955387269645935
Corumbataí;3512704;376;0.8250536392143918
Dois Córregos;3514106;1394;0.2813699112046332
Espírito Santo do Pinhal;3515186;1094;0.25823697132900364
Floreal;3515905;119;0.4174048983845753
Florínea;3516101;98;0.2379963581765326
Flórida Paulista;3516002;639;0.33933448339004274
Francisco Morato;3516309;1112;0.11638827376201481
Franco da Rocha;3516408;2303;0.18415537112447325
General Salgado;3516903;589;0.8752902523739686
Glicério;3517109;252;0.23568460544642614
Guarulhos;3518800;38554;0.37196654050388184
Guaíra;3517406;2546;0.8202220010121288
Ibiúna;3519709;3222;0.3431970514719638
Indaiatuba;3520509;6687;0.19831989769533478
Indiana;3520608;207;0.35948759007205766
Ipaussu;3520905;413;0.7290562705021448
Itaquaquecetuba;3523107;5571;0.2141004156731636
Jaboticabal;3524303;2989;0.5966121752255161
Jacareí;3524402;5131;0.43690122183808927
Jardinópolis;3525102;1858;0.6455184373098118
Jaú;3525300;4077;0.24346530511370254
Jeriquara;3525409;161;0.5830340345476313
Junqueirópolis;3526001;941;0.7158475179579011
Lavrinhas;3526605;142;0.8307999455510685
Lavínia;3526506;145;0.412609736632083
Leme;3526704;4238;0.6203195440944987
Mairinque;3528403;1078;0.4363399474572289
Marília;3529005;5723;0.3787242681873215
Monte Alegre do Sul;3531209;395;0.09609708101016727
Morungaba;3532009;631;0.3569762015865609
Narandiba;3532207;188;0.8643897037514694
Natividade da Serra;3532306;218;0.2819449679607991
Nova Canaã Paulista;3532843;55;0.3014705882352941
Nova Europa;3532900;522;0.8369163629150239
Nuporanga;3533601;512;0.6094595654561142
Ouroeste;3534757;590;0.6007982738660779
Palmital;3535309;1208;0.6625111962762287
Panorama;3535408;651;0.4006702949167495
Paulicéia;3536406;517;0.7136418145393539
Paulo de Faria;3536604;300;0.2528127068166777
Paulínia;3536505;5533;0.8078459738772205
Pedrinhas Paulista;3537156;279;0.455188679245283
Peruíbe;3537602;1311;0.16769570132552694
Pindamonhangaba;3538006;3789;0.5234542419606611
Pirajuí;3538907;521;0.28640860363310466
Pradópolis;3540903;1282;0.8776698679811159
Ribeirão Bonito;3542909;584;0.32632414203531046
Rinópolis;3543808;641;0.5785641245981122
Rubiácea;3544400;57;0.9967497291440953
Sagres;3544707;33;0.11286681715575621
Santa Cruz da Conceição;3546207;248;0.9064531188278809
Santos;3548500;13504;0.5224849835948124
Sorocaba;3552205;13926;0.1870992627227586
Suzanápolis;3552551;202;0.9369015331820446
São Bernardo do Campo;3548708;26617;0.3826744221798567
São Francisco;3549003;81;0.35970333745364647
São Simão;3550902;630;0.7490159688373137
Taguaí;3553005;410;0.2353518019122334
Taquarivaí;3553856;220;0.6952535685273297
Terra Roxa;3554409;411;0.19459780709309007
Tupi Paulista;3555109;530;0.32441790740291826
Ribeirão das Neves;3154606;4542;0.32881830392920436
Acaiaca;3100401;84;0.660829951130622
Albertina;3101409;140;0.30424528301886794
Araponga;3103702;146;0.28378378378378377
Araporã;3103751;812;0.8433232511135409
Arapuá;3103801;165;0.5282579787234043
Araçuaí;3103405;568;0.39916352990380594
Arcos;3104205;2927;0.8275538705616519
Astolfo Dutra;3104601;374;0.23855492174930526
Baldim;3105004;296;0.39090909090909093
Berilo;3106507;160;0.28821752906731424
Bias Fortes;3106804;55;0.36538461538461536
Bocaina de Minas;3107208;186;0.23094688221709006
Bom Despacho;3107406;2316;0.6575967671875841
Botelhos;3108404;470;0.2574626865671642
Caetanópolis;3109907;336;0.8361867326273942
Cambuí;3110608;1214;0.3911455065188594
Campanário;3110806;36;0.34713521406994485
Campo Azul;3111150;32;0.3074141048824593
Canápolis;3111804;549;0.867977121343759
Capitão Andrade;3112653;111;0.24398073836276082
Caranaíba;3113107;66;0.4878048780487805
Centralina;3115805;287;0.9109496429416899
Chapada Gaúcha;3116159;427;0.7389452238736861
Chapada do Norte;3116100;101;0.35522904062229904
Claraval;3116407;181;0.17452830188679244
Congonhal;3117900;440;0.40766138567037125
Coqueiral;3118700;213;0.31639226914817464
Cordisburgo;3118908;195;0.3882979950626399
Corinto;3119104;640;0.44447219216219463
Coroaci;3119203;170;0.39473684210526316
Crisólita;3120151;44;0.3252032520325203
Córrego Novo;3120003;59;0.2463295269168026
Delfinópolis;3121209;257;0.4939432989690722
Diogo de Vasconcelos;3121704;54;0.2665990804124993
Divisópolis;3122454;112;0.6758832565284179
Dom Cavati;3122504;205;0.4461362885545244
Doresópolis;3123403;35;1.0
Engenheiro Navarro;3123809;182;0.5166080500195389
Entre Rios de Minas;3123908;600;0.5498205546492659
Extrema;3125101;1633;0.49365177891262024
Frei Gaspar;3126802;78;0.2884316185696361
Fruta de Leite;3127073;82;0.4231464737793852
Guarará;3128501;92;0.4487516425755585
Guimarânia;3128907;322;0.40887595489268824
Ibiaí;3129608;113;0.259375
Ibiraci;3129707;654;0.3945774158307677
Ibiá;3129509;1012;0.5719852138788429
Inimutaba;3131109;93;0.37953599048185604
Itinga;3134004;189;0.8387875536480687
Itueta;3134103;164;0.3499862750480373
Itutinga;3134509;166;0.7533539731682146
Joaquim Felício;3136405;105;0.6604506604506605
Lagoa Formosa;3137502;1026;0.6223952767685403
Limeira do Oeste;3138625;400;0.9168631056595282
Machado;3139003;1516;0.39063241205402843
Mamonas;3139250;146;0.2582358160945039
Marilac;3140100;68;0.3901760889712697
Matias Cardoso;3140852;106;0.45594262295081966
Morada Nova de Minas;3143500;359;0.467895100937048
Natércia;3144409;159;0.3691135734072022
Nova Lima;3144805;3396;0.58845885544849
Nova Módica;3144904;50;0.3660062565172054
Orizânia;3145877;209;0.260546741776831
Paiva;3146602;17;0.19613259668508287
Paraisópolis;3147303;571;0.22258709308966304
Paraopeba;3147402;1028;0.7929140231760174
Passa Quatro;3147600;536;0.2599524658348188
Pavão;3148509;91;0.4097771387491014
Piau;3150109;102;0.38
Piedade de Ponte Nova;3150208;84;0.3583847448121144
Pirajuba;3150703;412;0.8853967294583795
Piumhi;3151503;1305;0.36305913326278294
Pompéu;3152006;847;0.6623150953484227
Presidente Bernardes;3153103;119;0.275
Presidente Juscelino;3153202;107;0.4167123065859594
Reduto;3154150;217;0.4759564009403719
Resende Costa;3154200;373;0.26018178640097883
Rio Pardo de Minas;3155603;677;0.3377535101404056
Santa Bárbara do Leste;3157252;295;0.27539503386004516
Santa Cruz do Escalvado;3157401;130;0.3607305936073059
Santa Rita de Jacutinga;3159308;147;0.23283582089552238
Santana da Vargem;3158300;245;0.9650480874457649
Santana do Manhuaçu;3158904;404;0.3899772059066433
Santo Antônio do Aventureiro;3160009;121;0.3082942097026604
Santos Dumont;3160702;839;0.3172172235487595
Senador Amaral;3165578;204;0.38681711848080363
Sericita;3166303;187;0.20858329487771113
Serra do Salitre;3166808;605;0.6880663079909458
Serranópolis de Minas;3166956;53;0.38309859154929576
Soledade de Minas;3167806;108;0.20578034682080926
São Francisco do Glória;3161403;129;0.2040983606557377
São Félix de Minas;3161056;56;0.3333333333333333
São José da Barra;3162948;208;0.22730844793713162
São José da Safira;3163003;19;0.31763122476446837
São João Batista do Glória;3162203;250;0.3547255468427569
São João del Rei;3162500;2037;0.29840792348951384
São João do Manteninha;3162575;257;0.25164113785557984
São João do Oriente;3162609;170;0.4705243820975284
São Lourenço;3163706;785;0.20090472151540853
São Miguel do Anta;3163805;144;0.2759423557257619
Tarumirim;3168408;282;0.21587317249895654
Teixeiras;3168507;254;0.3621182567749871
Vargem Alegre;3170578;154;0.44959128065395093
Volta Grande;3172103;132;0.3907500240537075
Atílio Vivácqua;3200706;409;0.8918522469662622
Boa Esperança;3201001;439;0.3561006894340228
Dores do Rio Preto;3202009;327;0.34262295081967215
Itarana;3202900;738;0.3200831384775266
Piúma;3204203;467;0.3888829051059305
Ponto Belo;3204252;139;0.5596994155301976
Viana;3205101;4475;0.7802604370424189
Vila Velha;3205200;8601;0.29483507414341276
Arraial do Cabo;3300258;335;0.23836775317243095
Cardoso Moreira;3301157;336;0.4118182838017948
Carmo;3301207;301;0.40599714421703953
Iguaba Grande;3301876;402;0.19693495319459398
Paraíba do Sul;3303708;997;0.49518367346938774
Sumidouro;3305703;551;0.2881118881118881
São Gonçalo;3304904;10341;0.3751463299306881
Trajano de Moraes;3305901;196;0.20764917901481778
Américo Brasiliense;3501707;1742;0.9102990645331134
Andradina;3502101;2009;0.7568616990124025
Angatuba;3502200;879;0.5308720376410819
Aparecida;3502507;1377;0.5479538346901346
Arapeí;3503158;80;0.32684824902723736
Boracéia;3507308;381;0.4958362248438584
Borebi;3507456;85;0.6743447180301827
Brotas;3507902;1149;0.6545537337074759
Cachoeira Paulista;3508603;652;0.10054869834355543
Caraguatatuba;3510500;2397;0.17490303230593338
Cerqueira César;3511409;858;0.287967040772837
Cunha;3513603;631;0.26641268716222205
Descalvado;3513702;2071;0.6325980183402891
Dobrada;3514007;240;0.16519823788546256
Embaúba;3514957;110;0.6566037735849056
Emilianópolis;3515129;92;0.45636172450052576
Euclides da Cunha Paulista;3515350;217;0.15151515151515152
Igaraçu do Tietê;3520004;659;0.2783852344296711
Irapuã;3521507;339;0.32197784025136433
Itapeva;3522406;4509;0.4039976936382856
Itaí;3521804;1187;0.4830556087200795
Itirapina;3523602;792;0.571613948887457
Itirapuã;3523701;143;0.44599708879184863
Jandira;3525003;2015;0.28678797513598353
José Bonifácio;3525706;1844;0.4422810781052801
Lagoinha;3526308;240;0.27564102564102566
Lins;3527108;3393;0.5435976038824155
Louveira;3527306;1939;0.43191695588281276
Lucianópolis;3527504;105;0.6449968132568515
Luiziânia;3527702;167;0.40902179422199697
Macaubal;3528106;244;0.29152542372881357
Marinópolis;3529104;92;0.33544303797468356
Mariápolis;3528908;106;0.4787914003486345
Mendonça;3529500;280;0.8328701675199721
Meridiano;3529609;325;0.934442255113107
Miguelópolis;3529708;511;0.1756334453089634
Mogi Mirim;3530805;3177;0.29686163611173316
Mogi das Cruzes;3530607;11413;0.2222266418821994
Monte Azul Paulista;3531506;950;0.25610691203855845
Monte Castelo;3531605;214;0.24920921825576142
Monções;3531001;155;0.533816425120773
Nantes;3532157;86;0.371900826446281
Nazaré Paulista;3532405;1064;0.21739427105367304
Nova Luzitânia;3533304;86;0.1261437908496732
Ocauçu;3533700;217;0.641381900112655
Palmares Paulista;3535101;320;0.1617757712565839
Palmeira d'Oeste;3535200;402;0.3493712411153636
Paraguaçu Paulista;3535507;1771;0.673623066184001
Paranapuã;3535903;198;0.25803446669771773
Pedregulho;3537008;573;0.5014799154334038
Piacatu;3537701;200;0.2958024691358025
Piquerobi;3538303;117;0.16307692307692306
Piraju;3538808;877;0.4661512605087039
Pirapozinho;3539202;884;0.4954678472197007
Pompéia;3540002;565;0.22841438808877756
Pratânia;3541059;618;0.792062943109113
Presidente Epitácio;3541307;1253;0.617918221658425
Presidente Venceslau;3541505;1228;0.6779120249773689
Promissão;3541604;1443;0.667884599796734
Quatá;3541703;552;0.7817663302261817
Ribeira;3542800;98;0.22592067988668554
Ribeirão do Sul;3543204;258;0.26678003401020306
Rifaina;3543600;127;0.17497633322814768
Rincão;3543709;515;0.46211838471299543
Riolândia;3544202;221;0.22603670972127804
Rubinéia;3544509;81;0.8739187639460559
Salesópolis;3545001;1144;0.37805275154672746
Santa Clara d'Oeste;3546108;93;0.3206779661016949
Santa Cruz das Palmeiras;3546306;1633;0.5151011871809067
Santa Cruz do Rio Pardo;3546405;2731;0.6957179825491223
Santo Antônio da Alegria;3547908;245;0.48915699450213806
São Bento do Sapucaí;3548609;320;0.3288657588935624
São João do Pau d'Alho;3549300;74;0.21328766181858955
Tabatinga;3552700;799;0.2883454106280193
Tapiraí;3553500;329;0.32342657342657344
Tietê;3554508;1968;0.5532443867939096
Uchoa;3555604;313;0.31596783186766
Urupês;3556008;946;0.6853465255360185
Valinhos;3556206;6157;0.369724269449779
Votuporanga;3557105;3204;0.42675244850488214
Álvaro de Carvalho;3501400;76;0.44266851980542044
Carmo da Cachoeira;3113909;418;0.6452068617558022
Contagem;3118601;24355;0.3726064488748831
Itaguara;3132206;1091;0.6367759397726587
Juatuba;3136652;966;0.5543254748462274
Alfenas;3101607;2018;0.2633260269125294
Alfredo Vasconcelos;3101631;314;0.49884526558891457
Alto Rio Doce;3102100;250;0.3927671824397265
Além Paraíba;3101508;2356;0.5979522645472748
Antônio Dias;3103009;331;0.8533726366211455
Arceburgo;3104106;355;0.6284670335678099
Augusto de Lima;3104809;74;0.7790110111116698
Bandeira do Sul;3105301;200;0.4178937558247903
Biquinhas;3107000;99;0.42129003157419936
Bom Jesus da Penha;3107604;280;0.2919090428344791
Brazópolis;3108909;430;0.3261943986820428
Brás Pires;3108701;123;0.35670261941448383
Cabeceira Grande;3109451;141;0.6927053417576106
Cabo Verde;3109501;380;0.30590774210952254
Cajuri;3110202;143;0.4794769342535416
Caldas;3110301;546;0.41703180206378915
Camacho;3110400;137;0.34201183431952664
Campo Florido;3111408;449;0.8364872373108475
Carmo do Cajuru;3114204;864;0.4481088982276631
Carvalhópolis;3114709;87;0.3420738974970203
Catas Altas da Noruega;3115409;95;0.4093444909344491
Caxambu;3115508;423;0.3581574776463083
Conceição das Pedras;3117207;53;0.46097201767304863
Consolação;3118502;28;0.3
Cordislândia;3119005;99;0.3515981735159817
Coronel Xavier Chaves;3119708;115;0.3619047619047619
Crucilândia;3120607;234;0.33705080545229243
Curral de Dentro;3120870;151;0.3763577924436495
Cônego Marinho;3117836;69;0.2618343195266272
Dionísio;3121803;91;0.4562091503267974
Ervália;3124005;652;0.2329225352112676
Espera Feliz;3124203;608;0.3098257458261108
Estrela do Sul;3124807;193;0.6403686378551979
Formiga;3126109;3201;0.7280342807324662
Francisco Badaró;3126505;108;0.36010591350397175
Francisco Dumont;3126604;320;0.5585748792270532
Franciscópolis;3126752;55;0.6900185988840669
Gameleiras;3127339;65;0.375379017586416
Gonzaga;3127503;88;0.3284158763610818
Grão Mogol;3127800;328;0.5872141714164841
Guanhães;3128006;1067;0.4891103796764174
Ipaba;3131158;283;0.270091500385845
Itamarandiba;3132503;1728;0.5383426465343003
Itanhomi;3133204;258;0.2996137873400577
Itapecerica;3133501;610;0.3661402184593913
Itaverava;3133907;156;0.2856412876852325
Jaboticatubas;3134608;474;0.34339569160997735
Jampruca;3135076;61;0.155420773313116
Jaíba;3135050;909;0.5766155978516447
Jesuânia;3135902;144;0.25680933852140075
João Pinheiro;3136306;2731;0.775504192979599
Juvenília;3136959;65;0.37619461337966986
Lagoa da Prata;3137205;2100;0.552891151008869
Lontra;3138658;86;0.3071010248901903
Luisburgo;3138674;160;0.2641509433962264
Mendes Pimentel;3141504;100;0.35636722606120436
Minduri;3141900;153;0.33483483483483484
Miravânia;3142254;60;0.30497835133986356
Miraí;3142205;337;0.6578752407764114
Mário Campos;3140159;533;0.38886325180741427
Nepomuceno;3144607;997;0.3119510510214152
Ninheira;3144656;168;0.45004712535344016
Nova Porteirinha;3145059;70;0.4669642857142857
Novo Oriente de Minas;3145356;121;0.4099372216558459
Oratórios;3145851;165;0.21208053691275167
Paracatu;3147006;3481;0.7814327953379832
Patrocínio do Muriaé;3148202;143;0.2666646944162303
Pedra Dourada;3149002;55;0.29096477794793263
Pedra do Anta;3148806;59;0.2966666666666667
Pequeri;3149507;125;0.42788461538461536
Pescador;3150000;43;0.3191176470588235
Piedade dos Gerais;3150406;175;0.445141065830721
Pingo-d'Água;3150539;79;0.40162925073411004
Piraúba;3151305;228;0.3601546676486835
Pocrane;3151909;150;0.3557582668187001
Ponte Nova;3152105;1647;0.32389650573469764
Porteirinha;3152204;942;0.27590193033628063
Poté;3152402;188;0.542565357304327
Poços de Caldas;3151800;5349;0.2604889791978262
Prata;3152808;897;0.8440540676921187
Quartel Geral;3153707;83;0.6571100917431193
Queluzito;3153806;62;0.4130162703379224
Riacho dos Machados;3154507;187;0.8992886884108258
Rubim;3156601;87;0.27685589519650655
Santa Bárbara do Monte Verde;3157278;806;0.11564625850340136
Santa Efigênia de Minas;3157500;66;0.3442513368983957
Santa Luzia;3157807;3971;0.47837975833821983
Santa Rita do Sapucaí;3159605;829;0.16143352974412786
Santana de Pirapama;3158508;160;0.49401280980228346
Santana do Riacho;3159001;119;0.17982637453493178
Serrania;3166907;198;0.3752711496746204
São José do Alegre;3163201;76;0.18100558659217877
São Roque de Minas;3164308;360;0.4212374379464826
São Sebastião do Rio Verde;3164902;43;0.24121500893388922
São Tomé das Letras;3165206;176;0.2109625668449198
Tapiraí;3168200;49;0.32170542635658916
Tocantins;3169000;408;0.396015761821366
Unaí;3170404;3786;0.5818793562368622
União de Minas;3170438;131;0.5718858362229928
Virgem da Lapa;3171600;127;0.32336236274138586
Wenceslau Braz;3172202;67;0.2727272727272727
Barra de São Francisco;3200904;1238;0.4040579904796608
Colatina;3201506;4337;0.8050304776638902
Guarapari;3202405;2815;0.40501849253921696
Iúna;3203007;929;0.3085737088131342
Mantenópolis;3203304;357;0.26440487873265106
Marechal Floriano;3203346;1337;0.5008831321754489
Nova Venécia;3203908;1697;0.3776770491121554
Santa Teresa;3204609;1236;0.36368799697084436
São Roque do Canaã;3204955;522;0.4898262290212387
Vila Pavão;3205150;315;0.3688904744916161
Vitória;3205309;8034;0.1927576256396958
Águia Branca;3200136;416;0.3858335732795854
Bom Jardim;3300506;1305;0.49254457335503
Cabo Frio;3300704;4125;0.3117053526024268
Cantagalo;3301108;380;0.5845314119983582
Duas Barras;3301603;266;0.283609576427256
Itaguaí;3302007;3059;0.39639925280359617
Italva;3302056;348;0.3962579974014465
Laje do Muriaé;3302304;72;0.2898550724637681
Miguel Pereira;3302908;597;0.2208906223268445
Natividade;3303104;196;0.2091056337656196
Petrópolis;3303906;6626;0.3220183157894818
Quatis;3304128;275;0.30414201183431955
Quissamã;3304151;463;0.26361894333424585
São Sebastião do Alto;3305307;197;0.29044117647058826
Adamantina;3500105;1272;0.35786633714463817
Alambari;3500758;191;0.9220174395560841
Alvinlândia;3501509;100;0.22611464968152867
Americana;3501608;5723;0.4177150297237269
Aramina;3503000;244;0.7525191489727722
Araçoiaba da Serra;3502903;973;0.2876384383040609
Arco-Íris;3503356;107;0.733843537414966
Avanhandava;3504404;392;0.6791330350644179
Barrinha;3505609;1054;0.29891222617675073
Batatais;3505906;1962;0.5611156118038628
Bom Jesus dos Perdões;3507100;918;0.7086935203482757
Buritama;3508108;605;0.25694520100228785
Cabrália Paulista;3508306;262;0.2803738317757009
Cajamar;3509205;3177;0.4472454146457272
Cajati;3509254;1368;0.7688665137242078
Cajobi;3509304;458;0.3977970102281668
Campinas;3509502;33904;0.24994335328354525
Campos Novos Paulista;3509809;257;0.41290124269968825
Campos do Jordão;3509700;1122;0.16623844472267654
Capivari;3510401;2257;0.4313937545699269
Carapicuíba;3510609;6309;0.4496679912752917
Colômbia;3512100;357;0.6894084579021337
Cotia;3513009;5542;0.16226672839928638
Cubatão;3513504;6081;0.8841196551184732
Dirce Reis;3513850;89;0.4576271186440678
Divinolândia;3513900;676;0.3960887059043698
Dourado;3514304;418;0.24928292046936115
Dracena;3514403;1789;0.2875125855229589
Eldorado;3514809;450;0.19952893674293404
Engenheiro Coelho;3515152;854;0.4137446721351449
Getulina;3517000;278;0.36220747467691233
Guaimbê;3517307;205;0.35498366013071897
Guapiaçu;3517505;740;0.17969903184292935
Guararapes;3518206;1288;0.5672817864365741
Guzolândia;3518909;178;0.43708987161198287
Igaratá;3520202;261;0.4389538192995105
Ipiguá;3521150;136;0.2856689917564997
Iporanga;3521200;73;0.18778625954198475
Itaju;3522000;153;0.6488109600793587
Itaoca;3522158;79;0.2857142857142857
Itararé;3523206;1786;0.3872668450692974
Itu;3523909;6816;0.43639791448041504
Macatuba;3528007;741;0.6709299213437308
Macedônia;3528205;90;0.43820224719101125
Magda;3528304;200;0.6086013733285146
Mesópolis;3529658;61;0.18435754189944134
Mineiros do Tietê;3529807;464;0.026992604319814244
Mirassolândia;3530409;144;0.3118448637316562
Mogi Guaçu;3530706;5356;0.4379153579374399
Nova Aliança;3532801;244;0.3163057782031343
Novais;3533254;298;0.4768373389063044
Oriente;3534104;208;0.5249087107761253
Ouro Verde;3534807;269;0.15536105032822758
Paraíso;3535705;406;0.8131329042711193
Pardinho;3536109;363;0.4648230088495575
Pinhalzinho;3538204;679;0.4007028112449799
Platina;3539707;126;0.6365105008077544
Pontal;3540200;2119;0.8139361766986666
Porto Feliz;3540606;2124;0.4814419770580557
Presidente Alves;3541109;178;0.25470332850940663
Presidente Bernardes;3541208;489;0.2681433516857515
Regente Feijó;3542404;803;0.5164821750422492
Sales Oliveira;3544905;560;0.6658270361041142
Sandovalina;3545506;160;0.9318568994889267
Santa Isabel;3546801;2070;0.431229464353939
Santa Maria da Serra;3547007;495;0.39276485788113696
Santa Salete;3547650;93;0.5
Santana da Ponte Pensa;3547205;54;0.3375
Santana de Parnaíba;3547304;3219;0.3962261585121453
Santo Antônio de Posse;3548005;1344;0.6606240494529755
Santo Antônio do Aracanguá;3548054;374;0.8945728082494854
Serra Negra;3551603;704;0.2122653232577666
São José da Bela Vista;3549508;194;0.810762862211709
São Sebastião;3550704;1488;0.3018727550865487
Tarabai;3553906;226;0.4702897905600788
Torre de Pedra;3554656;88;0.3761969904240766
Torrinha;3554706;867;0.5423734766591995
Ubirajara;3555505;252;0.4121689998313375
Urânia;3555802;367;0.7373058196151171
Vinhedo;3556701;2401;0.15173068505790638
Igaratinga;3130200;876;0.81040058534212
Alpercata;3101805;134;0.3895796329188869
Alterosa;3102001;476;0.40281853996456995
Alto Caparaó;3102050;153;0.21656600517687663
Angelândia;3102852;206;0.3775923115832069
Antônio Prado de Minas;3103108;35;0.03355704697986577
Araçaí;3103207;44;0.47674418604651164
Ataléia;3104700;208;0.5185049468669842
Barra Longa;3105707;90;0.3508650519031142
Barroso;3105905;746;0.6231933098080921
Bocaiúva;3107307;1440;0.5386178861788617
Bom Jesus do Galho;3107802;221;0.20508905852417303
Brasilândia de Minas;3108552;671;0.47830457363042383
Braúnas;3108800;66;0.2978986402966625
Cachoeira da Prata;3109600;111;0.4074074074074074
Campanha;3110905;504;0.6741605144081925
Campos Gerais;3111606;867;0.3132683340398474
Carangola;3113305;653;0.2300197065907598
Caratinga;3113404;2418;0.4012404595133835
Carlos Chagas;3113701;330;0.3948381623596972
Catuti;3115474;92;0.24033613445378152
Conceição da Barra de Minas;3115201;124;0.5873015873015873
Conceição do Mato Dentro;3117504;629;0.9036669396605297
Conceição dos Ouros;3117801;375;0.30921855921855923
Coronel Murta;3119500;80;0.4288154897494305
Datas;3121001;124;0.3339622641509434
Delfim Moreira;3121100;166;0.30411171450737007
Divino das Laranjeiras;3122108;78;0.19262495823642561
Divinolândia de Minas;3122207;167;0.4035947712418301
Divinésia;3121902;141;0.46599894570374273
Dores de Guanhães;3123106;149;0.7409570987942798
Douradoquara;3123502;53;0.464471403812825
Fortuna de Minas;3126406;73;0.4043887147335423
Francisco Sá;3126703;628;0.911303351776347
Goianá;3127388;74;0.14038128249566725
Guaranésia;3128303;779;0.26849110299824647
Guiricema;3129004;358;0.3396969696969697
Gurinhatã;3129103;199;0.4160659114315139
Heliodora;3129202;161;0.28128724672228844
Icaraí de Minas;3130051;119;0.3005477446695916
Indaiabira;3130655;221;0.38822525597269625
Inhapim;3130903;730;0.5411836020614272
Ipatinga;3131307;5740;0.3177318944946343
Itacarambi;3132107;266;0.32511261466313696
Itaipé;3132305;203;0.25879732739420935
Itajubá;3132404;1470;0.19939820441711073
Itapeva;3133600;591;0.6492568884698234
Ituiutaba;3134202;2846;0.5757117307820179
Jequitibá;3135704;177;0.33962264150943394
Lagamar;3137106;263;0.4275938726596964
Leandro Ferreira;3138302;69;0.4218181818181818
Luminárias;3138708;272;0.19924528301886793
Mantena;3139607;782;0.307566413188831
Mariana;3140001;2024;0.7808576174838218
Matipó;3140902;556;0.4735780731617408
Minas Novas;3141801;486;0.46171206225680933
Monte Santo de Minas;3143203;999;0.3521895546458256
Nova Belém;3144672;103;0.4221105527638191
Novo Cruzeiro;3145307;673;0.4579432674033927
Olímpio Noronha;3145505;62;0.33573141486810554
Onça de Pitangui;3145802;68;0.5152284263959391
Padre Carvalho;3146255;102;0.6192982456140351
Padre Paraíso;3146305;440;0.31290589207698666
Paula Cândido;3148301;135;0.32566585956416466
Paulistas;3148400;121;0.39387956564659427
Pedra Azul;3148707;318;0.44087806677734737
Pedralva;3149101;311;0.37043686415320165
Pequi;3149606;318;0.25390625
Piracema;3150604;254;0.42745098039215684
Piranga;3150802;459;0.2775561097256858
Pouso Alto;3152600;182;0.2707968049873368
Rio do Prado;3155108;50;0.3386861313868613
Ritápolis;3156106;89;0.3800599700149925
Salto da Divisa;3157104;53;0.5274837066501751
Santa Maria do Suaçuí;3158201;219;0.32460732984293195
Santa Rita de Caldas;3159209;516;0.7764753287666215
Santana de Cataguases;3158409;104;0.24115755627009647
Santana do Deserto;3158607;126;0.4268292682926829
Senhora de Oliveira;3166006;221;0.26290400385914137
Serra Azul de Minas;3166501;51;0.3404761904761905
São Brás do Suaçuí;3160900;133;0.972472985983847
São Geraldo da Piedade;3161601;66;0.39250493096646943
São Gotardo;3162104;2174;0.7708916780258104
São Joaquim de Bicas;3162922;1621;0.4847497339772448
São José do Divino;3163300;45;0.36869565217391304
São João Nepomuceno;3162906;410;0.15290839428770464
São Pedro dos Ferros;3164001;185;0.5365953947368421
São Romão;3164209;145;0.563114465026844
São Sebastião do Paraíso;3164704;2864;0.4354298933179423
São Tiago;3165008;417;0.32087364409264146
Taquaraçu de Minas;3168309;456;0.524390243902439
Toledo;3169109;211;0.208
Vargem Bonita;3170602;73;0.5184855233853006
Virgínia;3171709;370;0.11592111592111592
Água Comprida;3100708;94;0.6630434782608695
Alfredo Chaves;3200300;1099;0.2906666666666667
Conceição do Castelo;3201704;688;0.5266777712105744
Ibitirama;3202553;325;0.3481584433634468
Irupi;3202652;559;0.6295367785311379
Itaguaçu;3202702;519;0.3152454780361757
Itapemirim;3202801;890;0.5480485876518364
Montanha;3203502;552;0.4937658044246916
São José do Calçado;3204807;187;0.33506987222359114
Vila Valério;3205176;807;0.3331995182657567
Areal;3300225;404;0.5255210566438371
Comendador Levy Gasparian;3300951;1016;0.7186932849364791
Cordeiro;3301504;445;0.158543456975805
Nova Iguaçu;3303500;11410;0.2945401402205913
Santa Maria Madalena;3304607;156;0.17847025495750707
São José do Vale do Rio Preto;3305158;1065;0.5826886706133488
Varre-Sai;3306156;115;0.22998454404945903
Adolfo;3500204;141;0.4113090627420604
Agudos;3500709;1380;0.5056103876608999
Alfredo Marcondes;3500808;128;0.24199743918053776
Altair;3500907;141;0.878375667839755
Arandu;3503109;154;0.2279000372995151
Araraquara;3503208;7408;0.3209554153854972
Araras;3503307;4124;0.6871661365375973
Auriflama;3504206;585;0.3337465137898977
Avaí;3504305;213;0.6466656765186395
Barbosa;3505104;209;0.5646325459317585
Bastos;3505807;1413;0.426226427905895
Bocaina;3506805;324;0.7666992042303142
Bofete;3506904;412;0.6819475916564988
Boituva;3507001;3978;0.3913443900059496
Borborema;3507407;859;0.5629252743210936
Borá;3507209;60;0.99448499594485
Caieiras;3509007;2210;0.29503420303226036
Cajuru;3509403;853;0.2610432143142424
Campo Limpo Paulista;3509601;1200;0.3617986798679868
Capão Bonito;3510203;1945;0.7589108505100265
Chavantes;3557204;279;0.09713024282560706
Coroados;3512506;212;0.5198074582272878
Cosmópolis;3512803;1810;0.4345769424189087
Cássia dos Coqueiros;3510906;68;0.1779816513761468
Diadema;3513801;7748;0.21045717604749253
Dolcinópolis;3514205;92;0.40408163265306124
Elias Fausto;3514908;681;0.7032239575870468
Embu das Artes;3515004;5371;0.47075888971846863
Espírito Santo do Turvo;3515194;263;0.39274447949526814
Estiva Gerbi;3557303;552;0.6224815287787382
Estrela d'Oeste;3515202;556;0.6365460203455562
Fartura;3515400;575;0.24516129032258063
Fernandópolis;3515509;2531;0.5129923215431421
Guarani d'Oeste;3518008;75;0.32887700534759357
Guarantã;3518107;199;0.5773845230953809
Guaraçaí;3517802;358;0.2734776725304465
Herculândia;3519006;728;0.3808734726694859
Hortolândia;3519071;5065;0.2208843331365478
Iguape;3520301;461;0.1941755650286846
Inúbia Paulista;3520806;102;0.4098327004002874
Itaberá;3521705;811;0.42562676332693683
Itanhaém;3522109;2314;0.1190551439173134
Itapuí;3522901;627;0.46135155656795745
João Ramalho;3525607;125;0.4915894713126528
Juquitiba;3526209;1090;0.7112488633854613
Júlio Mesquita;3525805;91;0.3188908145580589
Limeira;3526902;9968;0.4850754353639204
Lucélia;3527405;912;0.5813963289992203
Maracaí;3528809;615;0.7038709059821471
Mirandópolis;3530102;1246;0.45453074957135
Monte Mor;3531803;1756;0.35335291577594985
Monteiro Lobato;3531704;332;0.11959573273441887
Murutinga do Sul;3532108;136;0.23368913029747995
Parapuã;3536000;625;0.8049829971455761
Pariquera-Açu;3536208;629;0.8149445875644932
Parisi;3536257;83;0.3401015228426396
Pedro de Toledo;3537206;306;0.1875
Piracaia;3538600;826;0.15645637206688212
Pitangueiras;3539509;1706;0.8001169093987694
Porto Ferreira;3540705;2366;0.611630464668683
Potirendaba;3540804;938;0.7349956460580079
Pracinha;3540853;45;0.3491902834008097
Queluz;3541901;256;0.7847486820815283
Rafard;3542107;396;0.8766490904855685
Ribeirão Branco;3543006;618;0.5035879445064583
Ribeirão dos Índios;3543238;64;0.5126811594202898
Rio das Pedras;3544004;1758;0.3628729589925016
Riversul;3543501;219;0.32266307643606046
Santa Gertrudes;3546702;1254;0.6884918047041433
Santa Lúcia;3546900;235;0.09117361784675072
Santo Anastácio;3547700;904;0.4773633897698316
Santópolis do Aguapeí;3548401;129;0.5262157852266117
Serra Azul;3551405;413;0.22015122208545806
Silveiras;3552007;144;0.264638783269962
Sumaré;3552403;8462;0.4160196494934834
São José do Barreiro;3549607;74;0.12313937753721245
São João das Duas Pontes;3549201;58;0.3281853281853282
São Manuel;3550100;1731;0.7275820709875173
São Paulo;3550308;278463;0.27573845854007867
São Pedro do Turvo;3550506;374;0.43312101910828027
Taciba;3552908;168;0.24292260742967794
Taubaté;3554102;5264;0.16839985607154834
Timburi;3554607;61;0.27147766323024053
Ubarana;3555356;262;0.7971573604060914
Vargem Grande do Sul;3556404;1975;0.6523408117552688
Vitória Brasil;3556958;78;0.5993836671802774
Várzea Paulista;3556503;2706;0.3391673692381658
Zacarias;3557154;133;0.28859060402684567
Águas da Prata;3500402;197;0.48207427903537436
Óleo;3533809;85;0.3964757709251101
Itaúna;3133808;3464;0.48032497554974923
Pará de Minas;3147105;3494;0.42087451055589375
Varginha;3170701;3853;0.42025880757199724
Aguanil;3100807;122;0.579940417080437
Aiuruoca;3101201;201;0.3262509928514694
Alto Jequitibá;3153509;143;0.08259373301938054
Antônio Carlos;3102902;344;0.3202550269740069
Arantina;3103603;72;0.24842767295597484
Bambuí;3105103;974;0.6304140833091607
Bandeira;3105202;55;0.1913265306122449
Bela Vista de Minas;3106002;292;0.8487845276952307
Bom Jesus do Amparo;3107703;212;0.6896693604058438
Brumadinho;3109006;2371;0.8139615194869265
Buritis;3109303;986;0.8246832374638032
Camanducaia;3110509;856;0.3304564694899458
Carandaí;3113206;1245;0.5940844408023541
Carbonita;3113503;358;0.6445890968266884
Carmo do Paranaíba;3114303;1257;0.4769754071590986
Carneirinho;3114550;382;0.6861810755616066
Cascalho Rico;3115003;117;0.32923832923832924
Chalé;3116001;156;0.368251698248123
Cláudio;3116605;1608;0.4801986472628389
Conceição da Aparecida;3117108;331;0.36770854071272147
Conceição de Ipanema;3117405;78;0.2001225239942822
Confins;3117876;637;0.7155425219941349
Congonhas do Norte;3118106;100;0.43417825020441536
Coração de Jesus;3118809;444;0.38508100409471246
Cristiano Otoni;3120409;326;0.5638430664643865
Cristália;3120300;85;0.5171900215059395
Diamantina;3121605;962;0.2904003828949231
Divisa Alegre;3122355;120;0.9068460572119027
Durandé;3123528;183;0.39009782391694947
Esmeraldas;3124104;1403;0.728317157845003
Eugenópolis;3124906;246;0.2715551974214343
Florestal;3126000;444;0.3530472754888931
Fronteira;3127008;506;0.25347985347985347
Frutal;3127107;2809;0.7301151004981962
Grupiara;3127909;32;0.3771106941838649
Guarani;3128402;154;0.23649538866930173
Guarda-Mor;3128600;396;0.5399875525128365
Ibertioga;3129400;148;0.48520084566596194
Ibituruna;3130002;56;0.5643954960138079
Igarapé;3130101;2198;0.7767773580975001
Ilicínea;3130507;507;0.27674502712477395
Imbé de Minas;3130556;119;0.32517482517482516
Ingaí;3130804;71;0.5987341772151898
Inhaúma;3131000;203;0.35231316725978645
Iraí de Minas;3131604;538;0.6466819221967963
Itabira;3131703;3360;0.7956054955269803
Itacambira;3132008;37;0.3264724093288553
Jacinto;3134707;105;0.355084284937466
Jenipapo de Minas;3135456;86;0.3435468895078923
Jequitaí;3135605;121;0.5882744836775483
José Gonçalves de Minas;3136520;86;0.3692098092643052
Juiz de Fora;3136702;10863;0.5047582575293618
Juramento;3136801;55;0.4786795048143054
Lagoa Dourada;3137403;1044;0.3991071428571429
Lagoa Santa;3137601;1398;0.11731667796473726
Luislândia;3138682;76;0.360970447230484
Marliéria;3140308;86;0.43737574552683894
Mathias Lobato;3171501;55;0.5040774719673802
Matias Barbosa;3140803;1700;0.5348849885533631
Mesquita;3141702;66;0.20481927710843373
Monte Belo;3143005;537;0.6081693156551099
Montes Claros;3143302;8031;0.662350372770133
Nanuque;3144300;918;0.36121492822966506
Nova Resende;3145109;728;0.3821466417722158
Olhos-d'Água;3145455;419;0.8278293135435992
Ouro Branco;3145901;1163;0.4313582989798537
Passa Vinte;3147808;552;0.34366925064599485
Passos;3147907;3720;0.3636183786979638
Patis;3147956;70;0.1320754716981132
Patos de Minas;3148004;6561;0.6852279427548433
Patrocínio;3148103;3850;0.5547885659322258
Pedra Bonita;3148756;211;0.22396858721432092
Pedro Teixeira;3149408;42;0.43466666666666665
Piedade de Caratinga;3150158;357;0.38698239837913134
Ponto dos Volantes;3152170;168;0.8033019599422634
Pratápolis;3152907;612;0.33930510314875134
Raposos;3153905;261;0.15655400661919566
Recreio;3154101;282;0.30039525691699603
Ribeirão Vermelho;3154705;89;0.7901784757782873
Rio Pomba;3155801;420;0.4151145230304556
Romaria;3156403;139;0.4319478402607987
Santa Bárbara do Tugúrio;3157302;157;0.612012987012987
Santa Cruz de Salinas;3157377;85;0.5672990063233966
Santa Margarida;3157906;523;0.16093620586923305
Santo Antônio do Jacinto;3160306;110;0.30021953896816683
Santo Antônio do Retiro;3160454;194;0.40365682137834036
Sardoá;3165503;122;0.3488887191629115
São Domingos das Dores;3160959;221;0.3197994987468672
São Gonçalo do Rio Preto;3125507;63;0.32827586206896553
São José do Mantimento;3163607;71;0.3042934556065027
São João das Missões;3162450;90;0.25793232398833965
São Sebastião da Vargem Alegre;3164431;91;0.1838955386289445
São Sebastião do Maranhão;3164506;99;0.30202474690663667
Tiradentes;3168804;185;0.15527950310559005
Três Marias;3169356;865;0.6611140824294981
Ubaí;3170008;164;0.4909925821264571
Ubá;3169901;2893;0.33161264364529686
Urucânia;3170503;360;0.6057004384952689
Veredinha;3171071;172;0.813263296126067
Virgolândia;3171907;54;0.28263473053892213
Apiacá;3200508;296;0.22030981067125646
Castelo;3201407;2523;0.5794397770541337
Conceição da Barra;3201605;651;0.7922752216124948
Ecoporanga;3202108;452;0.3500943650579671
Fundão;3202207;688;0.3482787263819364
João Neiva;3203130;606;0.5077731552441428
Laranja da Terra;3203163;500;0.389334070185134
Marilândia;3203353;663;0.3388850335415221
Pinheiros;3204104;648;0.5864242910289826
Serra;3205002;18086;0.6780330907580299
Vargem Alta;3205036;986;0.5352996224466746
Venda Nova do Imigrante;3205069;1372;0.5073223930203573
Araruama;3300209;2784;0.32822394723251896
Bom Jesus do Itabapoana;3300605;499;0.3770142454116779
Cambuci;3300902;217;0.15817490494296577
Engenheiro Paulo de Frontin;3301801;219;0.23929961089494164
Guapimirim;3301850;807;0.37287814129919394
Mangaratiba;3302601;571;0.3704091372606999
Mesquita;3302858;1716;0.5526188993270169
Miracema;3303005;378;0.2537549266378777
Paracambi;3303609;1169;0.618845777632866
Queimados;3304144;1412;0.439988204069596
Resende;3304201;4310;0.614234465300433
Rio Bonito;3304300;3942;0.40836407474051273
Seropédica;3305554;2611;0.6404829243073928
Volta Redonda;3306305;4028;0.28509913562210276
Alto Alegre;3501103;238;0.42845958113133686
Anhumas;3502408;131;0.47601476014760147
Aspásia;3503950;44;0.26495726495726496
Balbinos;3504701;40;0.2850539291217257
Barretos;3505500;3786;0.4879619665116323
Barueri;3505708;11395;0.3030811519004957
Bertioga;3506359;858;0.15124193380732281
Bom Sucesso de Itararé;3507159;176;0.5318482422554821
Bragança Paulista;3507605;4897;0.26496902030044706
Brejo Alegre;3507753;217;0.44328508919555704
Brodowski;3507803;1015;0.3059574848160057
Colina;3512001;706;0.7803069695719997
Conchas;3512308;613;0.38064835709174966
Cosmorama;3512902;479;0.45318773084952624
Cravinhos;3513108;1738;0.3976867680221139
Cristais Paulista;3513207;282;0.3173187074620656
Cruzeiro;3513405;1199;0.4561038697570624
Cândido Rodrigues;3510104;178;0.30647382920110194
Ferraz de Vasconcelos;3515707;3005;0.1282531854495921
Flora Rica;3515806;67;0.13812154696132597
Gavião Peixoto;3516853;161;0.6523809523809524
Guararema;3518305;1076;0.6352895465106136
Guareí;3518503;579;0.3253634276970161
Guará;3517703;654;0.8585680100156892
Guatapará;3518859;320;0.7649947386881796
Ibirarema;3519501;377;0.7861825849174711
Ibitinga;3519600;1813;0.21281707453346743
Icém;3519808;421;0.526863715783343
Iepê;3519907;355;0.39932508436445446
Ilhabela;3520400;635;0.22865741760258387
Ipeúna;3521101;300;0.722521967010945
Itapetininga;3522307;4977;0.4298658199966034
Itapirapuã Paulista;3522653;100;0.39344262295081966
Itaporanga;3522802;590;0.24989242911840293
Itupeva;3524006;3429;0.5069654468858317
Jaguariúna;3524709;1582;0.27623205403879153
Jarinu;3525201;955;0.5342066957787481
Jumirim;3525854;198;0.5696564885496184
Juquiá;3526100;673;0.5068405158784028
Lupércio;3527801;104;0.3641456582633053
Marabá Paulista;3528700;91;0.3733254847910565
Marapoama;3528858;281;0.9145102291025284
Mirassol;3530300;2051;0.46052638786935896
Morro Agudo;3531902;1515;0.7738506847382679
Motuca;3532058;221;0.06840390879478828
Neves Paulista;3532504;288;0.263323782234957
Nipoã;3532702;205;0.33750802825947335
Nova Granada;3533007;973;0.6791008250594323
Nova Independência;3533205;182;0.9005372905206601
Orindiúva;3534203;471;0.8658295169153494
Paraibuna;3535606;546;0.39186986673484386
Paulistânia;3536570;101;0.49089529590288317
Pereira Barreto;3537404;818;0.6438821147477902
Pindorama;3538105;533;0.33684418731147703
Planalto;3539608;385;0.9171306209850107
Pongaí;3540101;125;0.4197008767405879
Populina;3540408;93;0.3049907578558225
Porangaba;3540507;297;0.24842971626597357
Praia Grande;3541000;3868;0.21264992886685358
Queiroz;3541802;75;0.8803343615009568
Quintana;3542008;376;0.6111896903976112
Rio Grande da Serra;3544103;916;0.29654284373436485
Rosana;3544251;368;0.12407862407862408
Santa Adélia;3545605;964;0.8397928722059853
Santa Branca;3546009;276;0.22268326417704012
Sertãozinho;3551702;5359;0.5013307176496486
São José do Rio Pardo;3549706;2173;0.416804666318784
São José do Rio Preto;3549805;13588;0.40563550663672476
São Roque;3550605;2195;0.4538343226249754
Tabapuã;3552601;605;0.5853843848985532
Taquaral;3553658;145;0.729941833625704
Tarumã;3553955;930;0.8049690614186406
Tatuí;3554003;4692;0.4022296481085912
Tupã;3555000;2643;0.5568826056320135
Valentim Gentil;3556107;532;0.48767068473965886
Águas de Santa Bárbara;3500550;310;0.22953736654804271
Betim;3106705;15552;0.7671772762207559
Argirita;3104403;69;0.4372093023255814
Arinos;3104502;619;0.5276390563113483
Belmiro Braga;3106101;138;0.40145985401459855
Boa Esperança;3107109;1369;0.5204786288076559
Borda da Mata;3108305;518;0.45086920145021847
Bueno Brandão;3109105;347;0.3226987447698745
Bugre;3109253;68;0.3726082578046324
Caiana;3110103;96;0.4334197501767617
Campestre;3111002;933;0.33425985585207607
Campo Belo;3111200;2115;0.2928797318125134
Campo do Meio;3111309;299;0.2738038844149692
Capitólio;3112802;317;0.4255232841148791
Caputira;3112901;289;0.19353940406571984
Chácara;3115904;89;0.4
Conceição do Pará;3117603;191;0.6736858669187662
Conceição do Rio Verde;3117702;406;0.39262389550518634
Congonhas;3118007;2651;0.8526410250355072
Cristais;3120201;342;0.4358873608382449
Curvelo;3120904;4396;0.6996571523045272
Cássia;3115102;1017;0.5555505066569728
Córrego do Bom Jesus;3119906;86;0.27486910994764396
Desterro de Entre Rios;3121407;292;0.8207823713736986
Dom Silvério;3122702;109;0.2946859903381642
Espinosa;3124302;549;0.3316659087463999
Espírito Santo do Dourado;3124401;193;0.35471159205317826
Ewbank da Câmara;3125002;78;0.3409490333919156
Fama;3125200;31;0.21967213114754097
Felixlândia;3125705;502;0.5459480232502282
Felício dos Santos;3125408;146;0.31624807790876475
Formoso;3126208;183;0.6354698430705237
Goiabeira;3127370;61;0.346782988004362
Guaraciama;3128253;204;0.3862928348909657
Ibitiúra de Minas;3129905;147;0.40366705471478465
Inconfidentes;3130606;194;0.3214990138067061
Indianópolis;3130705;314;0.553988663072031
Itamogi;3132909;528;0.3951789627465303
Itanhandu;3133105;776;0.5896498719043552
Jacuí;3134806;324;0.41647322282000165
Japonvar;3135357;133;0.30898529230008653
Jeceaba;3135407;194;0.7299771167048055
Jequeri;3135506;305;0.2733054697437761
José Raydan;3136553;81;0.36772803447450325
Lagoa Grande;3137536;301;0.7023330651649236
Lassance;3138104;130;0.618417830026941
Luz;3138807;692;0.8720816034998438
Manga;3139300;322;0.3602281988590057
Manhuaçu;3139409;3178;0.4304416328061636
Maria da Fé;3139904;425;0.3693165969316597
Mato Verde;3141009;263;0.47229867177216706
Matutina;3141207;152;0.386535552193646
Miradouro;3142106;283;0.6044202358366021
Monte Alegre de Minas;3142809;1244;0.515828412890375
Monte Sião;3143401;596;0.20862944162436547
Nova Era;3144706;602;0.8523377362715028
Oliveira Fortes;3145703;57;0.3584474885844749
Perdigão;3149705;241;0.3061104976073353
Perdizes;3149804;909;0.7506610628184152
Planura;3151602;457;0.3556526922312736
Ponto Chique;3152131;42;0.3723577235772358
Pouso Alegre;3152501;4949;0.4937664626167817
Presidente Olegário;3153400;728;0.5083262749109041
Resplendor;3154309;422;0.5157858700198416
Rio Acima;3154804;246;0.6042850489054494
Rio Piracicaba;3155702;386;0.6901228948566227
Rodeiro;3156304;476;0.5434694702790134
Rosário da Limeira;3156452;175;0.03380570257811166
Sabinópolis;3156809;370;0.3992470774717654
Santa Maria de Itabira;3158003;345;0.4471081307627829
Santa Rita do Itueto;3159506;903;0.5060606060606061
Senador Firmino;3165701;243;0.3161083392729865
Senador José Bento;3165800;29;0.4948805460750853
Silvianópolis;3167400;174;0.39233817701453105
Simonésia;3167608;531;0.292854555802763
São Bento Abade;3160801;137;0.16568742655699178
São Geraldo;3161502;335;0.19864775779587635
São José da Varginha;3163102;108;0.5015411712901805
São José do Jacuri;3163508;95;0.5267335004177109
São João Evangelista;3162807;279;0.45048923679060665
São João da Mata;3162302;106;0.39908941647850094
São João do Pacuí;3162658;51;0.17355371900826447
São João do Paraíso;3162708;579;0.5008503401360545
São Pedro do Suaçuí;3164100;87;0.4775798525798526
São Sebastião do Oeste;3164605;382;0.554694179188825
São Tomás de Aquino;3165107;214;0.4085576259489303
Taparuba;3168051;69;0.37316176470588236
Tapira;3168101;241;0.9609869253479545
Três Pontas;3169406;1796;0.24055793084743177
Tumiritinga;3169505;63;0.33530823897944095
Tupaciguara;3169604;1526;0.6740635326467113
Umburatiba;3170305;26;0.3203463203463203
Anchieta;3200409;1013;0.5865263856306723
Bom Jesus do Norte;3201100;592;0.2946813214232878
Brejetuba;3201159;656;0.3522778529544429
Iconha;3202603;1316;0.6735456717208631
Linhares;3203205;5942;0.5992268506499646
Mimoso do Sul;3203403;647;0.8039511718120372
Rio Bananal;3204351;1090;0.32073570168808263
Santa Leopoldina;3204500;701;0.4435857805255023
Aperibé;3300159;198;0.5011708239898329
Barra Mansa;3300407;3668;0.5974785735972267
Belford Roxo;3300456;3746;0.2540975389185862
Campos dos Goytacazes;3301009;10777;0.6070195556571608
Conceição de Macabu;3301405;324;0.21699756182514804
Itatiaia;3302254;331;0.7919632516558877
Japeri;3302270;768;0.2090747330960854
Macaé;3302403;6344;0.42342821817268
Magé;3302502;3133;0.4253879990040667
Piraí;3304003;796;0.556064361635088
Rio das Ostras;3304524;2472;0.1846868102417486
Santo Antônio de Pádua;3304706;844;0.4755907381181873
São Francisco de Itabapoana;3304755;911;0.39585850841013304
São Pedro da Aldeia;3305208;1408;0.23529837212866425
Teresópolis;3305802;3698;0.3199529952194002
Três Rios;3306008;1688;0.6302520122558151
Aguaí;3500303;1590;0.7835647707818147
Apiaí;3502705;841;0.4503750664487803
Araçariguama;3502754;918;0.6462498196698931
Arealva;3503406;340;0.37159594680177327
Assis;3504008;3758;0.29613100368927353
Avaré;3504503;2394;0.7547026395036921
Barra Bonita;3505302;1515;0.6498924048936173
Bernardino de Campos;3506300;597;0.2834499794153973
Botucatu;3507506;3416;0.26786169589378933
Braúna;3507704;277;0.4191449814126394
Buritizal;3508207;307;0.8054326576808314
Caiabu;3508900;117;0.4398563734290844
Campina do Monte Alegre;3509452;209;0.8474363886788936
Catanduva;3511102;4877;0.45719569285472045
Catiguá;3511201;225;0.7726056714820759
Cerquilho;3511508;1601;0.39393040234585386
Cesário Lange;3511607;597;0.3105574618330101
Charqueada;3511706;752;0.4888623707239459
Clementina;3511904;524;0.7633125395533857
Cruzália;3513306;147;0.2488360062079669
Estrela do Norte;3515301;48;0.27810612954789654
Fernando Prestes;3515608;397;0.5610373181530677
Fernão;3515657;72;0.3396124865446717
Gabriel Monteiro;3516507;141;0.322187626912143
Guaiçara;3517208;224;0.4203869851907902
Iacri;3519204;297;0.4601349662584354
Iaras;3519253;167;0.6413294797687862
Ibirá;3519402;309;0.1903828197945845
Ilha Comprida;3520426;378;0.10311835577604536
Ilha Solteira;3520442;485;0.5253532232628496
Indiaporã;3520707;131;0.33313253012048194
Ipuã;3521309;535;0.5497609024400213
Irapuru;3521606;198;0.5249257180587653
Itajobi;3521903;903;0.4007989347536618
Itapevi;3522505;3690;0.1715847480703517
Itapira;3522604;2501;0.35882011784794066
Itariri;3523305;630;0.3424990538975762
Itápolis;3522703;2131;0.5727711730440244
Lourdes;3527256;54;0.308529945553539
Lutécia;3527900;109;0.4672586015538291
Mairiporã;3528502;2866;0.4532789744120342
Manduri;3528601;553;0.21411425828132502
Mira Estrela;3530003;92;0.17592592592592593
Mirante do Paranapanema;3530201;570;0.8175137198759246
Onda Verde;3534005;218;0.92024637816121
Palestina;3535002;346;0.7383841169171378
Patrocínio Paulista;3536307;578;0.8997409139044108
Pederneiras;3536703;1899;0.3767521225510183
Pedranópolis;3536901;95;0.41947565543071164
Penápolis;3537305;2638;0.5487426251404208
Pereiras;3537503;356;0.7064528957756436
Pilar do Sul;3537909;1897;0.5436720142602496
Piracicaba;3538709;13310;0.32357172647714827
Pirapora do Bom Jesus;3539103;574;0.14342629482071714
Pontalinda;3540259;111;0.3724946037619488
Registro;3542602;2028;0.46900052884792554
Restinga;3542701;228;0.4196943122024555
Ribeirão Preto;3543402;20935;0.39654308088277035
Roseira;3544301;270;0.8380613932969794
Sales;3544806;199;0.2675769901220221
Saltinho;3545159;617;0.5007505897490886
Salto;3545209;3984;0.35938964488530084
Salto Grande;3545407;302;0.600653403399547
Santa Bárbara d'Oeste;3545803;4091;0.23898444785305842
Santa Ernestina;3546504;220;0.15513188822146776
Santa Rita d'Oeste;3547403;72;0.189
Sarapuí;3551108;294;0.26205641492265697
Sarutaiá;3551207;136;0.2896551724137931
Socorro;3552106;1436;0.2899996058181245
Sud Mennucci;3552304;294;0.5173504348590002
Suzano;3552502;6938;0.2389086354895045
São Caetano do Sul;3548807;4352;0.19664493117907333
São Joaquim da Barra;3549409;1629;0.652254669280776
São Lourenço da Serra;3549953;533;0.6289571056598602
São Luiz do Paraitinga;3550001;351;0.23383356070941336
São Vicente;3551009;5105;0.7803485155331018
Taboão da Serra;3552809;4641;0.1539654943587976
Tejupá;3554201;127;0.3244444444444444
Tremembé;3554805;695;0.20362852068003046
Viradouro;3556800;676;0.2910892371454475
Votorantim;3557006;2408;0.25759803806418574
Águas de São Pedro;3500600;66;0.5761684057940364
Mateus Leme;3140704;1029;0.2980098236617959
Oliveira;3145604;1461;0.6310114278899392
Perdões;3149903;984;0.5738740037686506
